label,video,signer_id,repetition_id,raw_frames,fps,raw_duration_seconds,start_frame,end_frame,active_frames,active_duration_seconds,trim_percent,overall_left_rate,overall_right_rate,active_left_rate,active_right_rate,motion_threshold
&,&_01_1.mov,01,1,175,30.0,5.833,38,169,132,4.4,24.57,55.43,0.0,73.48,0.0,0.00392257
&,&_01_2.mov,01,2,160,30.0,5.333,17,141,125,4.167,21.88,41.88,0.0,53.6,0.0,0.00448136
&,&_02_1.mov,02,1,223,30.0,7.433,32,189,158,5.267,29.15,42.6,0.0,60.13,0.0,0.00426778
&,&_02_2.mov,02,2,166,30.0,5.533,32,128,97,3.233,41.57,35.54,0.0,60.82,0.0,0.00522607
&,&_05_1.mov,05,1,142,30.0,4.733,21,109,89,2.967,37.32,46.48,0.7,74.16,1.12,0.00759604
&,&_05_2.mov,05,2,141,30.0,4.7,42,140,99,3.3,29.79,44.68,0.0,63.64,0.0,0.00799189
++,++_02_1.mov,02,1,79,30.0,2.633,16,71,56,1.867,29.11,32.91,35.44,46.43,50.0,0.00903247
++,++_02_2.mov,02,2,124,30.0,4.133,25,119,95,3.167,23.39,53.23,53.23,69.47,69.47,0.0090858
++,++_03_1.mov,03,1,107,30.0,3.567,26,96,71,2.367,33.64,38.32,36.45,57.75,54.93,0.0100182
++,++_03_2.mov,03,2,153,30.0,5.1,32,143,112,3.733,26.8,50.98,48.37,69.64,66.07,0.00948221
++,++_06_1.mov,06,1,97,30.0,3.233,29,82,54,1.8,44.33,30.93,29.9,55.56,53.7,0.01223623
++,++_06_2.mov,06,2,106,30.0,3.533,16,87,72,2.4,32.08,44.34,44.34,65.28,65.28,0.01299691
- -,- -_02_1.mov,02,1,82,30.0,2.733,7,70,64,2.133,21.95,37.8,0.0,48.44,0.0,0.00579954
- -,- -_02_2.mov,02,2,139,30.0,4.633,22,132,111,3.7,20.14,53.24,0.0,66.67,0.0,0.00428658
- -,- -_03_1.mov,03,1,118,30.0,3.933,15,99,85,2.833,27.97,46.61,0.0,64.71,0.0,0.00467999
- -,- -_03_2.mov,03,2,137,30.0,4.567,17,130,114,3.8,16.79,51.09,0.0,61.4,0.0,0.00426665
- -,- -_06_1.mov,06,1,94,30.0,3.133,25,83,59,1.967,37.23,34.04,0.0,54.24,0.0,0.00623256
- -,- -_06_2.mov,06,2,114,30.0,3.8,21,99,79,2.633,30.7,45.61,0.0,65.82,0.0,0.00574565
_p,_p_02_1.mov,02,1,145,30.0,4.833,16,136,121,4.033,16.55,55.17,0.69,66.12,0.83,0.01017918
_p,_p_02_2.mov,02,2,160,30.0,5.333,24,143,120,4.0,25.0,51.88,1.88,69.17,2.5,0.00927332
_p,_p_03_1.mov,03,1,151,30.0,5.033,33,136,104,3.467,31.13,43.71,0.0,63.46,0.0,0.00739045
_p,_p_03_2.mov,03,2,229,30.0,7.633,47,217,171,5.7,25.33,57.21,0.0,76.61,0.0,0.00473471
_p,_p_05_1.mov,05,1,132,30.0,4.4,31,121,91,3.033,31.06,35.61,1.52,51.65,2.2,0.01350583
_p,_p_05_2.mov,05,2,142,30.0,4.733,23,122,100,3.333,29.58,50.0,0.0,71.0,0.0,0.01366207
Access,Access_02_1.mov,02,1,105,30.0,3.5,7,104,98,3.267,6.67,33.33,56.19,35.71,60.2,0.01388436
Access,Access_02_2.mov,02,2,214,30.0,7.133,38,200,163,5.433,23.83,32.71,46.73,42.94,61.35,0.00857982
Access,Access_03_1.mov,03,1,116,30.0,3.867,18,105,88,2.933,24.14,50.0,50.86,65.91,67.05,0.01059443
Access,Access_03_2.mov,03,2,164,30.0,5.467,20,151,132,4.4,19.51,57.93,50.0,71.97,62.12,0.00875496
Access,Access_06_1.mov,06,1,96,30.0,3.2,30,90,61,2.033,36.46,28.12,33.33,44.26,52.46,0.01293198
Access,Access_06_2.mov,06,2,119,30.0,3.967,28,110,83,2.767,30.25,42.02,42.86,60.24,61.45,0.01093572
Act,Act_01_1.mov,01,1,118,30.0,3.933,0,112,113,3.767,4.24,44.07,48.31,46.02,50.44,0.00909514
Act,Act_01_2.mov,01,2,165,30.0,5.5,30,150,121,4.033,26.67,44.85,57.58,61.16,78.51,0.00557006
Act,Act_02_1.mov,02,1,145,30.0,4.833,25,123,99,3.3,31.72,48.97,53.1,71.72,77.78,0.01031475
Act,Act_02_2.mov,02,2,157,30.0,5.233,24,149,126,4.2,19.75,58.6,64.33,73.02,80.16,0.00860417
Act,Act_07_1.mp4,07,1,59,25.0,2.36,1,58,58,2.32,1.69,76.27,79.66,77.59,81.03,0.02828092
Add,Add_03_1.mov,03,1,108,30.0,3.6,20,100,81,2.7,25.0,42.59,0.0,56.79,0.0,0.01056822
Add,Add_03_2.mov,03,2,133,30.0,4.433,35,125,91,3.033,31.58,40.6,0.0,59.34,0.0,0.00892979
Add,Add_05_1.mov,05,1,119,30.0,3.967,36,106,71,2.367,40.34,38.66,0.0,64.79,0.0,0.00745188
Add,Add_05_2.mov,05,2,126,30.0,4.2,33,111,79,2.633,37.3,38.1,0.0,60.76,0.0,0.00592301
Add,Add_06_1.mov,06,1,112,30.0,3.733,37,96,60,2.0,46.43,32.14,0.0,60.0,0.0,0.00995469
Add,Add_06_2.mov,06,2,120,30.0,4.0,39,109,71,2.367,40.83,37.5,0.0,63.38,0.0,0.00758916
Address,Address_02_1.mov,02,1,158,30.0,5.267,23,153,131,4.367,17.09,45.57,39.87,54.96,48.09,0.01079545
Address,Address_02_2.mov,02,2,243,30.0,8.1,43,240,198,6.6,18.52,48.15,35.39,59.09,43.43,0.00887853
Address,Address_03_1.mov,03,1,130,30.0,4.333,19,123,105,3.5,19.23,43.85,62.31,54.29,77.14,0.01401059
Address,Address_03_2.mov,03,2,195,30.0,6.5,29,190,162,5.4,16.92,39.49,66.15,47.53,79.63,0.01067227
Address,Address_06_1.mov,06,1,107,30.0,3.567,34,105,72,2.4,32.71,44.86,42.99,66.67,63.89,0.01463728
Address,Address_06_2.mov,06,2,146,30.0,4.867,30,144,115,3.833,21.23,45.21,60.96,57.39,77.39,0.01051605
After,After_01_1.mov,01,1,110,30.0,3.667,17,82,66,2.2,40.0,11.82,0.0,19.7,0.0,0.00326198
After,After_01_2.mov,01,2,133,30.0,4.433,0,132,133,4.433,0.0,6.77,0.0,6.77,0.0,0.00268083
After,After_05_1.mov,05,1,109,30.0,3.633,30,108,79,2.633,27.52,39.45,0.0,54.43,0.0,0.00488417
After,After_05_2.mov,05,2,109,30.0,3.633,27,108,82,2.733,24.77,41.28,0.0,54.88,0.0,0.0043415
After,After_06_1.mov,06,1,86,30.0,2.867,26,84,59,1.967,31.4,31.4,0.0,45.76,0.0,0.00483586
After,After_06_2.mov,06,2,99,30.0,3.3,0,98,99,3.3,0.0,23.23,0.0,23.23,0.0,0.00305745
Apply,apply_03_1.MOV,03,1,174,30.0,5.8,0,161,162,5.4,6.9,54.6,21.84,58.64,23.46,0.00884055
Apply,apply_03_2.MOV,03,2,111,30.0,3.7,18,105,88,2.933,20.72,42.34,22.52,53.41,28.41,0.01505252
Apply,apply_05_1.MOV,05,1,133,30.0,4.433,33,107,75,2.5,43.61,34.59,31.58,61.33,56.0,0.01375882
Apply,apply_05_2.MOV,05,2,129,30.0,4.3,29,118,90,3.0,30.23,48.84,40.31,70.0,57.78,0.009148
Apply,apply_06_1.MOV,06,1,117,30.0,3.9,25,87,63,2.1,46.15,33.33,28.21,61.9,52.38,0.01178162
Apply,apply_06_2.MOV,06,2,103,30.0,3.433,20,89,70,2.333,32.04,44.66,31.07,65.71,45.71,0.01125791
Array,Array_03_1.mov,03,1,105,30.0,3.5,26,104,79,2.633,24.76,40.0,43.81,53.16,58.23,0.01188324
Array,Array_03_2.mov,03,2,113,30.0,3.767,25,100,76,2.533,32.74,44.25,42.48,65.79,63.16,0.01073579
Array,Array_05_1.mov,05,1,150,30.0,5.0,47,132,86,2.867,42.67,38.0,37.33,66.28,65.12,0.00994676
Array,Array_05_2.mov,05,2,150,30.0,5.0,43,142,100,3.333,33.33,47.33,46.67,71.0,70.0,0.00891593
Array,Array_06_1.mov,06,1,128,30.0,4.267,28,102,75,2.5,41.41,40.62,39.06,69.33,66.67,0.01158841
Array,Array_06_2.mov,06,2,109,30.0,3.633,22,107,86,2.867,21.1,57.8,57.8,73.26,73.26,0.01360785
Arrow,Arrow_02_1.mov,02,1,126,30.0,4.2,25,115,91,3.033,27.78,35.71,42.86,49.45,59.34,0.00704596
Arrow,Arrow_02_2.mov,02,2,201,30.0,6.7,40,200,161,5.367,19.9,41.79,55.22,52.17,68.94,0.00516574
Arrow,Arrow_03_1.mov,03,1,115,30.0,3.833,21,100,80,2.667,30.43,46.09,41.74,66.25,60.0,0.00902075
Arrow,Arrow_03_2.mov,03,2,190,30.0,6.333,37,168,132,4.4,30.53,47.89,43.68,68.94,62.88,0.00763938
Arrow,Arrow_06_1.mov,06,1,95,30.0,3.167,14,78,65,2.167,31.58,40.0,20.0,58.46,29.23,0.0091344
Arrow,Arrow_06_2.mov,06,2,125,30.0,4.167,32,111,80,2.667,36.0,43.2,36.8,67.5,57.5,0.00899617
Average,Average_01_1.mov,01,1,113,30.0,3.767,17,112,96,3.2,15.04,55.75,47.79,65.62,56.25,0.01121305
Average,Average_01_2.mov,01,2,188,30.0,6.267,15,170,156,5.2,17.02,48.4,47.34,58.33,57.05,0.00746492
Average,Average_05_1.mov,05,1,129,30.0,4.3,27,106,80,2.667,37.98,44.19,41.86,71.25,67.5,0.00881412
Average,Average_05_2.mov,05,2,173,30.0,5.767,29,145,117,3.9,32.37,52.6,50.29,77.78,74.36,0.0066814
Average,Average_06_1.mov,06,1,120,30.0,4.0,22,111,90,3.0,25.0,57.5,55.0,76.67,73.33,0.01237047
Average,Average_06_2.mov,06,2,133,30.0,4.433,28,130,103,3.433,22.56,58.65,55.64,75.73,71.84,0.00861952
Before,Before_01_1.mov,01,1,117,30.0,3.9,26,92,67,2.233,42.74,19.66,0.0,34.33,0.0,0.00372325
Before,Before_01_2.mov,01,2,162,30.0,5.4,0,138,139,4.633,14.2,21.6,0.0,25.18,0.0,0.0028289
Before,Before_05_1.mov,05,1,102,30.0,3.4,31,95,65,2.167,36.27,30.39,0.0,47.69,0.0,0.00511584
Before,Before_05_2.mov,05,2,103,30.0,3.433,0,102,103,3.433,0.0,43.69,0.0,43.69,0.0,0.00480977
Before,Before_06_1.mov,06,1,94,30.0,3.133,25,76,52,1.733,44.68,28.72,0.0,51.92,0.0,0.00447066
Before,Before_06_2.mov,06,2,100,30.0,3.333,29,94,66,2.2,34.0,33.0,0.0,50.0,0.0,0.00440463
Big,Big_01_1.mov,01,1,92,30.0,3.067,9,84,76,2.533,17.39,42.39,35.87,51.32,43.42,0.00780054
Big,Big_01_2.mov,01,2,139,30.0,4.633,16,138,123,4.1,11.51,55.4,38.13,62.6,43.09,0.00827269
Big,Big_05_1.mov,05,1,102,30.0,3.4,31,98,68,2.267,33.33,37.25,34.31,55.88,51.47,0.01167363
Big,Big_05_2.mov,05,2,125,30.0,4.167,31,113,83,2.767,33.6,43.2,40.8,65.06,61.45,0.00871124
Big,Big_06_1.mov,06,1,82,30.0,2.733,22,76,55,1.833,32.93,29.27,28.05,43.64,41.82,0.00879188
Big,Big_06_2.mov,06,2,101,30.0,3.367,22,97,76,2.533,24.75,38.61,34.65,51.32,46.05,0.00754398
Binary relationship,Binary relationship_02_1.mov,02,1,139,30.0,4.633,10,138,129,4.3,7.19,72.66,20.14,78.29,21.71,0.01181091
Binary relationship,Binary relationship_02_2.mov,02,2,257,30.0,8.567,34,256,223,7.433,13.23,69.65,20.62,80.27,23.77,0.00751682
Binary relationship,Binary relationship_03_1.mov,03,1,175,30.0,5.833,32,165,134,4.467,23.43,54.29,20.57,70.9,26.87,0.0101276
Binary relationship,Binary relationship_03_2.mov,03,2,254,30.0,8.467,34,234,201,6.7,20.87,63.39,24.8,80.1,31.34,0.00735268
Binary relationship,Binary relationship_05_1.mov,05,1,168,30.0,5.6,38,153,116,3.867,30.95,39.29,15.48,56.9,22.41,0.01309429
Binary relationship,Binary relationship_05_2.mov,05,2,198,30.0,6.6,33,195,163,5.433,17.68,48.99,10.1,59.51,12.27,0.01188909
Book,book_03_1.MOV,03,1,126,30.0,4.2,16,105,90,3.0,28.57,47.62,38.89,66.67,54.44,0.01094383
Book,book_03_2.MOV,03,2,125,30.0,4.167,20,87,68,2.267,45.6,28.8,31.2,52.94,57.35,0.01292664
Book,book_05_1.MOV,05,1,133,30.0,4.433,38,132,95,3.167,28.57,44.36,31.58,62.11,44.21,0.00910156
Book,book_05_2.MOV,05,2,121,30.0,4.033,27,104,78,2.6,35.54,36.36,27.27,56.41,42.31,0.0102697
Book,book_06_1.MOV,06,1,123,30.0,4.1,31,116,86,2.867,30.08,50.41,49.59,72.09,70.93,0.00923068
Book,book_06_2.MOV,06,2,120,30.0,4.0,26,81,56,1.867,53.33,25.0,22.5,53.57,48.21,0.0089045
Bool,Bool_01_1.mov,01,1,97,30.0,3.233,13,91,79,2.633,18.56,55.67,0.0,68.35,0.0,0.00586189
Bool,Bool_01_2.mov,01,2,178,30.0,5.933,24,163,140,4.667,21.35,49.44,0.0,62.86,0.0,0.00639147
Bool,Bool_05_1.mov,05,1,99,30.0,3.3,27,91,65,2.167,34.34,38.38,0.0,58.46,0.0,0.00635426
Bool,Bool_05_2.mov,05,2,108,30.0,3.6,31,102,72,2.4,33.33,45.37,0.93,68.06,1.39,0.00655804
Bool,Bool_06_1.mov,06,1,91,30.0,3.033,22,78,57,1.9,37.36,32.97,0.0,52.63,0.0,0.00640261
Bool,Bool_06_2.mov,06,2,110,30.0,3.667,21,95,75,2.5,31.82,48.18,0.0,70.67,0.0,0.0070809
Box,Box_03_1.MOV,03,1,115,30.0,3.833,21,95,75,2.5,34.78,26.96,33.04,41.33,50.67,0.01394453
Box,Box_03_2.MOV,03,2,126,30.0,4.2,19,118,100,3.333,20.63,26.19,42.06,33.0,53.0,0.01202883
Box,box_05_1.MOV,05,1,164,30.0,5.467,46,154,109,3.633,33.54,43.29,43.9,65.14,66.06,0.01059657
Box,Box_05_2.MOV,05,2,121,30.0,4.033,39,112,74,2.467,38.84,19.83,26.45,32.43,43.24,0.01037495
Box,Box_06_1.MOV,06,1,89,30.0,2.967,21,77,57,1.9,35.96,32.58,29.21,50.88,45.61,0.01311418
Box,Box_06_2.MOV,06,2,92,30.0,3.067,24,91,68,2.267,26.09,45.65,33.7,61.76,45.59,0.01243524
C++,C++_01_1.mov,01,1,242,30.0,8.067,38,210,173,5.767,28.51,22.31,56.61,31.21,79.19,0.00471713
C++,C++_01_2.mov,01,2,177,30.0,5.9,41,155,115,3.833,35.03,25.99,48.59,40.0,74.78,0.00563525
C++,C++_02_1.mov,02,1,281,30.0,9.367,38,259,222,7.4,21.0,37.72,54.8,47.75,69.37,0.00667966
C++,C++_02_2.mov,02,2,179,30.0,5.967,19,156,138,4.6,22.91,40.78,60.34,52.9,78.26,0.00856283
C++,C++_05_1.mov,05,1,187,30.0,6.233,32,147,116,3.867,37.97,50.8,34.22,81.9,55.17,0.0088086
C++,C++_05_2.mov,05,2,125,30.0,4.167,16,104,89,2.967,28.8,54.4,42.4,76.4,59.55,0.00979852
Call,Call_02_1.mov,02,1,160,30.0,5.333,13,137,125,4.167,21.88,56.88,39.38,72.8,50.4,0.00795107
Call,Call_02_2.mov,02,2,256,30.0,8.533,12,195,184,6.133,28.12,57.42,37.11,79.89,51.63,0.00578663
Call,Call_03_1.mov,03,1,148,30.0,4.933,19,131,113,3.767,23.65,52.03,40.54,68.14,53.1,0.0075912
Call,Call_03_2.mov,03,2,217,30.0,7.233,37,198,162,5.4,25.35,60.83,42.86,81.48,57.41,0.00689948
Call,Call_05_1.mov,05,1,141,30.0,4.7,26,120,95,3.167,32.62,43.26,42.55,64.21,63.16,0.01306327
Call,Call_05_2.mov,05,2,147,30.0,4.9,27,128,102,3.4,30.61,48.3,43.54,69.61,62.75,0.01076037
Char,Char_02_1.mov,02,1,74,30.0,2.467,12,73,62,2.067,16.22,55.41,0.0,66.13,0.0,0.00654028
Char,Char_02_2.mov,02,2,209,30.0,6.967,34,187,154,5.133,26.32,48.33,0.0,65.58,0.0,0.00315848
Char,Char_03_1.mov,03,1,99,30.0,3.3,21,86,66,2.2,33.33,36.36,0.0,54.55,0.0,0.00710478
Char,Char_03_2.mov,03,2,161,30.0,5.367,37,148,112,3.733,30.43,43.48,0.0,62.5,0.0,0.00452322
Char,Char_06_1.mov,06,1,87,30.0,2.9,25,82,58,1.933,33.33,36.78,0.0,55.17,0.0,0.00670744
Char,Char_06_2.mov,06,2,87,30.0,2.9,28,86,59,1.967,32.18,41.38,0.0,61.02,0.0,0.00510722
Check,Check_01_1.mov,01,1,86,30.0,2.867,14,83,70,2.333,18.6,48.84,48.84,60.0,60.0,0.01186867
Check,Check_01_2.mov,01,2,200,30.0,6.667,31,179,149,4.967,25.5,52.5,57.0,70.47,76.51,0.00696968
Check,Check_05_1.mov,05,1,112,30.0,3.733,31,107,77,2.567,31.25,45.54,44.64,66.23,64.94,0.0110646
Check,Check_05_2.mov,05,2,133,30.0,4.433,30,132,103,3.433,22.56,61.65,56.39,79.61,72.82,0.00938276
Check,Check_06_1.mov,06,1,110,30.0,3.667,28,93,66,2.2,40.0,38.18,35.45,63.64,59.09,0.01322649
Check,Check_06_2.mov,06,2,107,30.0,3.567,28,106,79,2.633,26.17,51.4,51.4,69.62,69.62,0.01462275
Class,Class_02_1.mov,02,1,140,30.0,4.667,19,139,121,4.033,13.57,54.29,61.43,62.81,71.07,0.01452304
Class,Class_02_2.mov,02,2,262,30.0,8.733,41,255,215,7.167,17.94,52.29,56.11,63.72,68.37,0.01046859
Class,Class_03_1.mov,03,1,141,30.0,4.7,12,128,117,3.9,17.02,58.87,60.99,70.94,73.5,0.01426475
Class,Class_03_2.mov,03,2,266,30.0,8.867,44,249,206,6.867,22.56,66.17,64.66,85.44,83.5,0.01068929
Class,Class_05_1.mov,05,1,148,30.0,4.933,27,124,98,3.267,33.78,45.95,38.51,69.39,58.16,0.01420473
Class,Class_05_2.mov,05,2,172,30.0,5.733,20,157,138,4.6,19.77,56.98,52.91,71.01,65.94,0.01795477
Code,Code_01_1.mov,01,1,100,30.0,3.333,24,93,70,2.333,30.0,31.0,24.0,44.29,34.29,0.00907273
Code,Code_01_2.mov,01,2,171,30.0,5.7,13,147,135,4.5,21.05,45.61,30.41,57.78,38.52,0.00713216
Code,Code_05_1.mov,05,1,126,30.0,4.2,31,118,88,2.933,30.16,30.95,35.71,44.32,51.14,0.0092615
Code,Code_05_2.mov,05,2,149,30.0,4.967,21,138,118,3.933,20.81,57.72,58.39,72.88,73.73,0.01033273
Code,Code_06_1.mov,06,1,102,30.0,3.4,27,98,72,2.4,29.41,44.12,42.16,62.5,59.72,0.01188213
Code,Code_06_2.mov,06,2,115,30.0,3.833,16,114,99,3.3,13.91,58.26,53.04,67.68,61.62,0.00982581
Coin,coin_03_1.MOV,03,1,122,30.0,4.067,0,121,122,4.067,0.0,59.02,0.0,59.02,0.0,0.0053083
Coin,coin_03_2.MOV,03,2,86,30.0,2.867,9,81,73,2.433,15.12,54.65,0.0,64.38,0.0,0.00864727
Coin,coin_05_1.MOV,05,1,119,30.0,3.967,23,117,95,3.167,20.17,44.54,0.0,55.79,0.0,0.00710705
Coin,coin_05_2.MOV,05,2,112,30.0,3.733,32,109,78,2.6,30.36,35.71,0.0,51.28,0.0,0.00668778
Coin,coin_06_1.MOV,06,1,130,30.0,4.333,0,120,121,4.033,6.92,43.85,0.0,47.11,0.0,0.00504617
Coin,coin_06_2.MOV,06,2,85,30.0,2.833,20,72,53,1.767,37.65,34.12,0.0,54.72,0.0,0.00735818
Colon,Colon_01_1.mov,01,1,134,30.0,4.467,20,117,98,3.267,26.87,39.55,0.0,54.08,0.0,0.00348399
Colon,Colon_01_2.mov,01,2,102,30.0,3.4,11,75,65,2.167,36.27,31.37,0.0,49.23,0.0,0.00433495
Colon,Colon_05_1.mov,05,1,93,30.0,3.1,17,90,74,2.467,20.43,46.24,0.0,58.11,0.0,0.00778968
Colon,Colon_05_2.mov,05,2,103,30.0,3.433,17,102,86,2.867,16.5,55.34,0.0,66.28,0.0,0.00659611
Colon,Colon_06_1.mov,06,1,102,30.0,3.4,20,94,75,2.5,26.47,40.2,0.0,54.67,0.0,0.0039332
Colon,Colon_06_2.mov,06,2,89,30.0,2.967,20,88,69,2.3,22.47,50.56,0.0,65.22,0.0,0.00606435
Column,column_01_1.MOV,01,1,119,30.0,3.967,0,102,103,3.433,13.45,0.0,40.34,0.0,46.6,0.00484088
Column,column_01_2.MOV,01,2,63,30.0,2.1,0,54,55,1.833,12.7,0.0,20.63,0.0,23.64,0.00730003
Column,Column_02_1.mov,02,1,122,30.0,4.067,0,113,114,3.8,6.56,0.0,59.02,0.0,63.16,0.00689629
Column,column_02_2.MOV,02,2,64,30.0,2.133,0,39,40,1.333,37.5,0.0,26.56,0.0,42.5,0.00521326
Column,column_07_1.mp4,07,1,150,59.94,2.503,0,145,146,2.436,2.67,76.67,98.0,78.77,97.95,0.00639086
Comment,Comment_01_1.mov,01,1,158,30.0,5.267,19,138,120,4.0,24.05,52.53,20.25,69.17,26.67,0.00624908
Comment,Comment_01_2.mov,01,2,260,30.0,8.667,27,211,185,6.167,28.85,53.46,18.08,75.14,25.41,0.00425679
Comment,Comment_05_1.mov,05,1,108,30.0,3.6,22,91,70,2.333,35.19,36.11,35.19,55.71,54.29,0.00814366
Comment,Comment_05_2.mov,05,2,132,30.0,4.4,29,123,95,3.167,28.03,49.24,46.97,68.42,65.26,0.00808564
Comment,Comment_06_1.mov,06,1,92,30.0,3.067,20,82,63,2.1,31.52,40.22,39.13,58.73,57.14,0.00952863
Comment,Comment_06_2.mov,06,2,109,30.0,3.633,27,108,82,2.733,24.77,48.62,38.53,64.63,51.22,0.00592602
Compare,Compare_02_1.mov,02,1,110,30.0,3.667,15,87,73,2.433,33.64,33.64,10.91,50.68,16.44,0.00729092
Compare,Compare_02_2.mov,02,2,186,30.0,6.2,32,153,122,4.067,34.41,46.24,26.88,70.49,40.98,0.00683256
Compare,Compare_03_1.mov,03,1,114,30.0,3.8,12,100,89,2.967,21.93,44.74,41.23,57.3,52.81,0.00841652
Compare,Compare_03_2.mov,03,2,166,30.0,5.533,19,156,138,4.6,16.87,56.63,50.6,68.12,60.87,0.00771668
Compare,Compare_06_1.mov,06,1,112,30.0,3.733,38,101,64,2.133,42.86,16.96,24.11,29.69,42.19,0.00634893
Compare,Compare_06_2.mov,06,2,106,30.0,3.533,31,105,75,2.5,29.25,34.91,33.02,49.33,46.67,0.00638224
Compiler,Compiler_02_1.mov,02,1,117,30.0,3.9,10,108,99,3.3,15.38,52.14,44.44,61.62,52.53,0.01205285
Compiler,Compiler_02_2.mov,02,2,189,30.0,6.3,22,181,160,5.333,15.34,50.79,50.26,60.0,59.38,0.00940127
Compiler,Compiler_03_1.mov,03,1,140,30.0,4.667,29,135,107,3.567,23.57,39.29,50.0,51.4,65.42,0.00819821
Compiler,Compiler_03_2.mov,03,2,219,30.0,7.3,24,198,175,5.833,20.09,39.73,65.3,49.71,81.71,0.00882821
Compiler,Compiler_05_1.mov,05,1,136,30.0,4.533,0,122,123,4.1,9.56,44.12,44.85,48.78,49.59,0.01155225
Compiler,Compiler_05_2.mov,05,2,150,30.0,5.0,22,134,113,3.767,24.67,54.67,40.67,72.57,53.98,0.01093928
Complex- composite,Complex- composite_01_1.MOV,01,1,296,30.0,9.867,37,279,243,8.1,17.91,72.97,59.46,88.89,72.43,0.0052359
Complex- composite,Complex- composite_01_2.MOV,01,2,147,30.0,4.9,30,136,107,3.567,27.21,53.74,43.54,73.83,59.81,0.00682045
Complex- composite,Complex- composite_02_1.MOV,02,1,158,30.0,5.267,18,151,134,4.467,15.19,66.46,55.06,78.36,64.93,0.00877441
Complex- composite,Complex- composite_02_2.MOV,02,2,279,30.0,9.3,30,273,244,8.133,12.54,75.27,60.57,86.07,69.26,0.0063586
Complex- composite,Complex- composite_07_1.mp4,07,1,202,59.94,3.37,0,199,200,3.337,0.99,80.69,66.34,81.5,67.0,0.00664758
Constant,constant_01_1.mov,01,1,136,30.0,4.533,30,113,84,2.8,38.24,41.18,39.71,66.67,64.29,0.00841535
Constant,constant_01_2.mov,01,2,184,30.0,6.133,37,166,130,4.333,29.35,36.41,32.61,51.54,46.15,0.00530863
Constant,constant_02_1.mov,02,1,132,30.0,4.4,23,120,98,3.267,25.76,40.15,43.94,54.08,59.18,0.00672424
Constant,constant_02_2.mov,02,2,181,30.0,6.033,32,164,133,4.433,26.52,36.46,40.33,49.62,54.89,0.00547546
Constant,constant_05_1.mov,05,1,193,30.0,6.433,55,147,93,3.1,51.81,36.27,34.2,75.27,70.97,0.00704995
Constant,constant_05_2.mov,05,2,207,30.0,6.9,51,173,123,4.1,40.58,46.38,42.51,78.05,71.54,0.00520437
Content,content_03_1.mov,03,1,106,30.0,3.533,12,104,93,3.1,12.26,45.28,31.13,51.61,35.48,0.01969453
Content,content_03_2.mov,03,2,153,30.0,5.1,10,147,138,4.6,9.8,44.44,35.95,49.28,39.86,0.01477241
Content,content_05_1.mov,05,1,165,30.0,5.5,35,132,98,3.267,40.61,33.94,35.76,57.14,60.2,0.01096738
Content,content_05_2.mov,05,2,161,30.0,5.367,28,154,127,4.233,21.12,58.39,60.25,74.02,76.38,0.01138895
Content,content_06_1.mov,06,1,113,30.0,3.767,23,101,79,2.633,30.09,49.56,21.24,70.89,30.38,0.01408841
Content,content_06_2.mov,06,2,115,30.0,3.833,15,111,97,3.233,15.65,66.09,27.83,78.35,32.99,0.01300503
Copy,copy_03_1.MOV,03,1,136,30.0,4.533,13,119,107,3.567,21.32,44.12,61.76,56.07,78.5,0.0137198
Copy,copy_03_2.MOV,03,2,96,30.0,3.2,19,90,72,2.4,25.0,34.38,47.92,45.83,63.89,0.0144075
Copy,copy_05_1.MOV,05,1,143,30.0,4.767,33,122,90,3.0,37.06,45.45,40.56,72.22,64.44,0.0089462
Copy,copy_05_2.MOV,05,2,136,30.0,4.533,30,98,69,2.3,49.26,28.68,22.79,56.52,44.93,0.01008594
Copy,copy_06_1.MOV,06,1,113,30.0,3.767,25,89,65,2.167,42.48,34.51,34.51,60.0,60.0,0.00863506
Copy,copy_06_2.MOV,06,2,96,30.0,3.2,25,80,56,1.867,41.67,31.25,34.38,53.57,58.93,0.01017311
Cout-print-output,Cout-print-output_01_1.mov,01,1,204,30.0,6.8,58,183,126,4.2,38.24,47.06,0.0,76.19,0.0,0.00416399
Cout-print-output,Cout-print-output_01_2.mov,01,2,270,30.0,9.0,25,253,229,7.633,15.19,68.89,0.0,81.22,0.0,0.00351279
Cout-print-output,Cout-print-output_02_1.mov,02,1,166,30.0,5.533,12,131,120,4.0,27.71,56.02,0.0,77.5,0.0,0.00509141
Cout-print-output,Cout-print-output_02_2.mov,02,2,224,30.0,7.467,32,188,157,5.233,29.91,50.89,0.0,72.61,0.0,0.0036336
Cout-print-output,Cout-print-output_05_1.mov,05,1,167,30.0,5.567,57,149,93,3.1,44.31,38.92,1.2,69.89,2.15,0.00530396
Cout-print-output,Cout-print-output_05_2.mov,05,2,169,30.0,5.633,21,120,100,3.333,40.83,43.79,0.0,74.0,0.0,0.00537746
Create,Create_01_1.mov,01,1,119,30.0,3.967,15,99,85,2.833,28.57,34.45,26.05,48.24,36.47,0.00495773
Create,Create_01_2.mov,01,2,180,30.0,6.0,28,168,141,4.7,21.67,51.67,25.56,65.96,32.62,0.00659652
Create,Create_05_1.mov,05,1,118,30.0,3.933,31,112,82,2.733,30.51,42.37,39.83,60.98,57.32,0.010025
Create,Create_05_2.mov,05,2,132,30.0,4.4,29,123,95,3.167,28.03,44.7,45.45,62.11,63.16,0.0069955
Create,Create_06_1.mov,06,1,93,30.0,3.1,18,91,74,2.467,20.43,49.46,46.24,62.16,58.11,0.01009893
Create,Create_06_2.mov,06,2,115,30.0,3.833,30,111,82,2.733,28.7,44.35,43.48,62.2,60.98,0.00710118
Customer,Customer_02_1.MOV,02,1,144,30.0,4.8,19,129,111,3.7,22.92,43.75,0.0,56.76,0.0,0.00426555
Customer,Customer_02_2.MOV,02,2,100,30.0,3.333,12,83,72,2.4,28.0,31.0,0.0,43.06,0.0,0.00435378
Customer,Customer_03_1.MOV,03,1,146,30.0,4.867,47,133,87,2.9,40.41,38.36,0.0,64.37,0.0,0.0052554
Customer,Customer_03_2.MOV,03,2,198,30.0,6.6,0,197,198,6.6,0.0,48.48,0.0,48.48,0.0,0.00382305
Customer,Customer_05_1.MOV,05,1,132,30.0,4.4,26,128,103,3.433,21.97,39.39,0.0,50.49,0.0,0.00869815
Customer,Customer_05_2.MOV,05,2,128,30.0,4.267,47,110,64,2.133,50.0,27.34,0.0,54.69,0.0,0.00537856
Data,Data_01_1.mov,01,1,134,30.0,4.467,23,118,96,3.2,28.36,41.04,50.0,57.29,69.79,0.00844075
Data,Data_01_2.mov,01,2,182,30.0,6.067,13,171,159,5.3,12.64,59.34,73.63,67.92,84.28,0.00800429
Data,Data_02_1.mov,02,1,246,30.0,8.2,44,244,201,6.7,18.29,48.37,61.79,59.2,75.62,0.00523572
Data,Data_02_2.mov,02,2,167,30.0,5.567,47,163,117,3.9,29.94,40.72,47.9,58.12,68.38,0.00621228
Data,Data_05_1.mov,05,1,160,30.0,5.333,27,123,97,3.233,39.38,40.0,29.38,65.98,48.45,0.0071115
Data,Data_05_2.mov,05,2,143,30.0,4.767,11,94,84,2.8,41.26,37.06,34.27,63.1,58.33,0.00984622
Database,database_01_1.MOV,01,1,230,30.0,7.667,24,207,184,6.133,20.0,46.09,57.39,57.61,71.74,0.01012844
Database,database_01_2.MOV,01,2,120,30.0,4.0,9,103,95,3.167,20.83,49.17,54.17,62.11,68.42,0.00805725
Database,database_02_1.MOV,02,1,106,30.0,3.533,0,92,93,3.1,12.26,61.32,65.09,69.89,74.19,0.01069503
Database,database_02_2.MOV,02,2,252,30.0,8.4,15,237,223,7.433,11.51,72.62,74.6,82.06,84.3,0.00629646
Database,database_07_1.mp4,07,1,294,59.94,4.905,31,253,223,3.72,24.15,61.9,56.12,81.61,73.99,0.00544451
Datatype,Datatype_01_1.mov,01,1,311,30.0,10.367,31,269,239,7.967,23.15,50.16,38.59,65.27,50.21,0.00462427
Datatype,Datatype_01_2.mov,01,2,222,30.0,7.4,18,186,169,5.633,23.87,53.15,35.59,69.82,46.75,0.00588029
Datatype,Datatype_02_1.mov,02,1,323,30.0,10.767,50,304,255,8.5,21.05,47.06,37.15,59.61,47.06,0.0045956
Datatype,Datatype_02_2.mov,02,2,212,30.0,7.067,19,170,152,5.067,28.3,47.17,43.4,65.79,60.53,0.00698715
Datatype,Datatype_05_1.mov,05,1,252,30.0,8.4,44,208,165,5.5,34.52,55.56,22.62,84.85,34.55,0.00751067
Datatype,Datatype_05_2.mov,05,2,183,30.0,6.1,24,154,131,4.367,28.42,59.56,25.14,83.21,35.11,0.0080421
Date,date_01_1.MOV,01,1,205,30.0,6.833,37,199,163,5.433,20.49,65.85,43.9,82.82,55.21,0.00678326
Date,date_01_2.MOV,01,2,100,30.0,3.333,23,92,70,2.333,30.0,41.0,41.0,58.57,58.57,0.00874416
Date,date_02_1.MOV,02,1,219,30.0,7.3,31,215,185,6.167,15.53,73.52,50.68,87.03,60.0,0.0057797
Date,date_02_2.MOV,02,2,120,30.0,4.0,18,113,96,3.2,20.0,61.67,21.67,77.08,27.08,0.00828892
Date,date_07_1.mp4,07,1,50,25.0,2.0,3,49,47,1.88,6.0,64.0,54.0,68.09,57.45,0.0280378
Declare,Declare_02_1.mov,02,1,188,30.0,6.267,17,164,148,4.933,21.28,43.09,0.0,54.73,0.0,0.00486648
Declare,Declare_02_2.mov,02,2,262,30.0,8.733,12,249,238,7.933,9.16,50.0,0.0,55.04,0.0,0.00397926
Declare,Declare_03_1.mov,03,1,146,30.0,4.867,15,120,106,3.533,27.4,50.68,0.0,69.81,0.0,0.00598083
Declare,Declare_03_2.mov,03,2,222,30.0,7.4,0,193,194,6.467,12.61,62.61,0.0,71.65,0.0,0.00502468
Declare,Declare_06_1.mov,06,1,113,30.0,3.767,21,97,77,2.567,31.86,44.25,0.0,64.94,0.0,0.00871516
Declare,Declare_06_2.mov,06,2,124,30.0,4.133,12,110,99,3.3,20.16,50.0,0.0,62.63,0.0,0.00680013
Definition,Definition_01_1.mov,01,1,114,30.0,3.8,17,95,79,2.633,30.7,38.6,26.32,55.7,37.97,0.00807523
Definition,Definition_01_2.mov,01,2,220,30.0,7.333,22,197,176,5.867,20.0,48.18,58.18,60.23,72.73,0.00649102
Definition,Definition_05_1.mov,05,1,93,30.0,3.1,31,92,62,2.067,33.33,38.71,36.56,58.06,54.84,0.00704423
Definition,Definition_05_2.mov,05,2,124,30.0,4.133,35,118,84,2.8,32.26,37.1,35.48,54.76,52.38,0.00614446
Definition,Definition_06_1.mov,06,1,91,30.0,3.033,21,87,67,2.233,26.37,42.86,46.15,58.21,62.69,0.00876572
Definition,Definition_06_2.mov,06,2,113,30.0,3.767,25,112,88,2.933,22.12,38.94,60.18,50.0,77.27,0.00923301
Delete-remove-pop,Delete-remove-pop_01_1.mov,01,1,176,30.0,5.867,28,127,100,3.333,43.18,38.07,39.2,67.0,69.0,0.00986393
Delete-remove-pop,Delete-remove-pop_01_2.mov,01,2,230,30.0,7.667,27,198,172,5.733,25.22,61.74,56.09,82.56,75.0,0.00951548
Delete-remove-pop,Delete-remove-pop_02_1.mov,02,1,143,30.0,4.767,20,136,117,3.9,18.18,60.84,55.24,74.36,67.52,0.00954743
Delete-remove-pop,Delete-remove-pop_02_2.mov,02,2,219,30.0,7.3,18,185,168,5.6,23.29,64.38,59.36,83.93,77.38,0.00792328
Delete-remove-pop,Delete-remove-pop_05_1.mov,05,1,159,30.0,5.3,47,135,89,2.967,44.03,43.4,24.53,77.53,43.82,0.00912984
Delete-remove-pop,Delete-remove-pop_05_2.mov,05,2,183,30.0,6.1,20,134,115,3.833,37.16,50.82,43.72,80.87,69.57,0.00863507
Depend,Depend_02_1.MOV,02,1,140,30.0,4.667,23,123,101,3.367,27.86,52.14,11.43,72.28,15.84,0.00750222
Depend,Depend_02_2.MOV,02,2,88,30.0,2.933,6,63,58,1.933,34.09,37.5,5.68,56.9,8.62,0.01051006
Depend,Depend_03_1.MOV,03,1,177,30.0,5.9,57,163,107,3.567,39.55,41.81,17.51,69.16,28.97,0.00785156
Depend,Depend_03_2.MOV,03,2,99,30.0,3.3,26,86,61,2.033,38.38,33.33,18.18,54.1,29.51,0.00918481
Depend,Depend_05_1.MOV,05,1,108,30.0,3.6,28,91,64,2.133,40.74,31.48,0.93,53.12,1.56,0.01037652
Depend,Depend_05_2.MOV,05,2,148,30.0,4.933,36,123,88,2.933,40.54,35.81,0.68,60.23,1.14,0.00827612
Derived,Derived_01_1.MOV,01,1,166,30.0,5.533,27,148,122,4.067,26.51,48.8,57.23,66.39,77.87,0.01011936
Derived,Derived_01_2.MOV,01,2,412,30.0,13.733,52,388,337,11.233,18.2,62.86,68.69,76.85,83.98,0.00716827
Derived,Derived_02_1.MOV,02,1,179,30.0,5.967,23,176,154,5.133,13.97,61.45,65.92,71.43,76.62,0.01134101
Derived,Derived_02_2.MOV,02,2,357,30.0,11.9,38,339,302,10.067,15.41,58.54,75.91,69.21,89.74,0.00528684
Derived,Derived_07_1.mp4,07,1,286,59.94,4.771,19,278,260,4.338,9.09,73.78,75.17,81.15,82.69,0.00807082
Description,Description_02_1.MOV,02,1,253,30.0,8.433,13,246,234,7.8,7.51,82.21,59.29,88.89,64.1,0.01051584
Description,Description_02_2.MOV,02,2,181,30.0,6.033,9,163,155,5.167,14.36,71.82,46.41,83.87,54.19,0.00985477
Description,Description_03_1.MOV,03,1,295,30.0,9.833,30,294,265,8.833,10.17,73.9,49.83,82.26,55.47,0.00566581
Description,Description_03_2.MOV,03,2,215,30.0,7.167,31,198,168,5.6,21.86,60.93,41.86,77.98,53.57,0.00785988
Description,Description_05_1.MOV,05,1,229,30.0,7.633,46,209,164,5.467,28.38,55.9,38.43,78.05,53.66,0.00702842
Description,Description_05_2.MOV,05,2,186,30.0,6.2,44,170,127,4.233,31.72,49.46,36.56,72.44,53.54,0.00820895
Destroy,Destroy_01_1.mov,01,1,122,30.0,4.067,30,83,54,1.8,55.74,24.59,21.31,55.56,48.15,0.01017433
Destroy,Destroy_01_2.mov,01,2,150,30.0,5.0,15,119,105,3.5,30.0,28.0,29.33,40.0,41.9,0.00769097
Destroy,Destroy_02_1.mov,02,1,135,30.0,4.5,17,93,77,2.567,42.96,35.56,31.85,62.34,55.84,0.00970713
Destroy,Destroy_02_2.mov,02,2,180,30.0,6.0,28,127,100,3.333,44.44,41.11,40.0,74.0,72.0,0.00754264
Destroy,Destroy_05_1.mov,05,1,206,30.0,6.867,79,167,89,2.967,56.8,32.52,25.73,75.28,59.55,0.00685243
Destroy,Destroy_05_2.mov,05,2,217,30.0,7.233,53,157,105,3.5,51.61,33.18,25.35,68.57,52.38,0.00637764
Diamond,diamond_01_1.MOV,01,1,187,30.0,6.233,38,182,145,4.833,22.46,45.99,60.43,59.31,77.93,0.00696457
Diamond,diamond_01_2.MOV,01,2,118,30.0,3.933,30,101,72,2.4,38.98,37.29,33.9,61.11,55.56,0.00926501
Diamond,diamond_02_1.MOV,02,1,262,30.0,8.733,42,261,220,7.333,16.03,45.8,72.9,54.55,86.82,0.0049544
Diamond,diamond_02_2.MOV,02,2,120,30.0,4.0,18,116,99,3.3,17.5,47.5,62.5,57.58,75.76,0.0089831
Diamond,diamond_07_1.mp4,07,1,65,25.0,2.6,5,64,60,2.4,7.69,70.77,60.0,76.67,65.0,0.01141424
Disjoint,disjoint_01_1.MOV,01,1,137,30.0,4.567,33,122,90,3.0,34.31,47.45,49.64,72.22,75.56,0.00815525
Disjoint,disjoint_01_2.MOV,01,2,109,30.0,3.633,36,90,55,1.833,49.54,29.36,31.19,58.18,61.82,0.01114909
Disjoint,disjoint_02_1.MOV,02,1,162,30.0,5.4,25,155,131,4.367,19.14,67.9,67.9,83.97,83.97,0.00605573
Disjoint,disjoint_02_2.MOV,02,2,89,30.0,2.967,14,85,72,2.4,19.1,59.55,59.55,73.61,73.61,0.01181193
Disjoint,disjoint_07_1.mp4,07,1,55,25.0,2.2,0,49,50,2.0,9.09,60.0,58.18,66.0,64.0,0.01815307
Domain,domain_01_1.MOV,01,1,238,30.0,7.933,39,212,174,5.8,26.89,49.58,60.92,67.82,83.33,0.00648758
Domain,domain_01_2.MOV,01,2,127,30.0,4.233,20,110,91,3.033,28.35,29.13,54.33,40.66,75.82,0.00868198
Domain,domain_02_1.MOV,02,1,267,30.0,8.9,37,253,217,7.233,18.73,48.69,72.28,59.91,88.94,0.00611419
Domain,domain_02_2.MOV,02,2,137,30.0,4.567,24,127,104,3.467,24.09,44.53,59.85,58.65,78.85,0.00801251
Domain,domain_07_1.mp4,07,1,171,59.94,2.853,0,159,160,2.669,6.43,74.85,80.7,80.0,86.25,0.00683167
dot operator,dot operator_02_1.mov,02,1,86,30.0,2.867,11,68,58,1.933,32.56,34.88,0.0,51.72,0.0,0.00432133
dot operator,dot operator_02_2.mov,02,2,184,30.0,6.133,18,174,157,5.233,14.67,66.85,0.0,78.34,0.0,0.00319008
dot operator,dot operator_03_1.mov,03,1,83,30.0,2.767,14,69,56,1.867,32.53,36.14,0.0,53.57,0.0,0.00561516
dot operator,dot operator_03_2.mov,03,2,141,30.0,4.7,24,130,107,3.567,24.11,43.26,0.0,57.01,0.0,0.00315729
dot operator,dot operator_06_1.mov,06,1,91,30.0,3.033,32,90,59,1.967,35.16,28.57,0.0,44.07,0.0,0.00414097
dot operator,dot operator_06_2.mov,06,2,96,30.0,3.2,24,91,68,2.267,29.17,34.38,0.0,48.53,0.0,0.00434385
Double,Double_02_1.mov,02,1,124,30.0,4.133,14,112,99,3.3,20.16,30.65,47.58,38.38,59.6,0.00813119
Double,Double_02_2.mov,02,2,242,30.0,8.067,13,233,221,7.367,8.68,51.65,73.97,56.56,81.0,0.00845806
Double,Double_03_1.mov,03,1,109,30.0,3.633,9,96,88,2.933,19.27,34.86,54.13,43.18,67.05,0.00892835
Double,Double_03_3.mov,03,3,163,30.0,5.433,7,139,133,4.433,18.4,39.88,65.03,48.87,79.7,0.0077908
Double,Double_06_1.mov,06,1,92,30.0,3.067,27,86,60,2.0,34.78,36.96,40.22,56.67,61.67,0.01248602
Double,Double_06_2.mov,06,2,127,30.0,4.233,31,111,81,2.7,36.22,40.16,45.67,62.96,71.6,0.01052276
element,element_03_1.MOV,03,1,165,30.0,5.5,30,164,135,4.5,18.18,58.18,3.64,71.11,4.44,0.00944077
element,element_03_2.MOV,03,2,108,30.0,3.6,0,93,94,3.133,12.96,43.52,0.0,50.0,0.0,0.01031766
element,element_05_1.MOV,05,1,138,30.0,4.6,40,134,95,3.167,31.16,47.1,2.17,68.42,3.16,0.00594643
element,element_05_2.MOV,05,2,124,30.0,4.133,29,101,73,2.433,41.13,36.29,3.23,61.64,5.48,0.00760899
element,element_06_1.MOV,06,1,98,30.0,3.267,29,97,69,2.3,29.59,54.08,0.0,76.81,0.0,0.0063435
element,element_06_2.MOV,06,2,107,30.0,3.567,27,85,59,1.967,44.86,31.78,0.0,57.63,0.0,0.00579121
Else,Else_01_1.MOV,01,1,120,30.0,4.0,21,93,73,2.433,39.17,34.17,0.0,56.16,0.0,0.00453881
Else,Else_01_2.MOV,01,2,197,30.0,6.567,0,165,166,5.533,15.74,48.22,0.0,57.23,0.0,0.00303412
Else,Else_05_1.MOV,05,1,83,30.0,2.767,24,79,56,1.867,32.53,31.33,0.0,46.43,0.0,0.00642024
Else,Else_05_2.MOV,05,2,101,30.0,3.367,0,94,95,3.167,5.94,36.63,0.0,38.95,0.0,0.00576597
Else,Else_06_1.MOV,06,1,83,30.0,2.767,30,82,53,1.767,36.14,26.51,0.0,41.51,0.0,0.00620093
Else,Else_06_2.MOV,06,2,109,30.0,3.633,25,108,84,2.8,22.94,40.37,0.0,52.38,0.0,0.00617156
End,End_01_1.MOV,01,1,110,30.0,3.667,20,102,83,2.767,24.55,51.82,51.82,68.67,68.67,0.01032843
End,End_01_2.MOV,01,2,207,30.0,6.9,33,171,139,4.633,32.85,49.76,36.71,74.1,54.68,0.00587795
End,End_05_1.MOV,05,1,108,30.0,3.6,38,107,70,2.333,35.19,37.04,39.81,57.14,61.43,0.01166157
End,End_05_2.MOV,05,2,137,30.0,4.567,31,133,103,3.433,24.82,59.85,53.28,79.61,70.87,0.00919229
End,End_06_1.MOV,06,1,99,30.0,3.3,18,96,79,2.633,20.2,47.47,53.54,59.49,67.09,0.01142527
End,End_06_2.MOV,06,2,122,30.0,4.067,23,121,99,3.3,18.85,61.48,60.66,75.76,74.75,0.00860096
Equal_equlaity,Equal_equlaity_01_1.mov,01,1,140,30.0,4.667,20,123,104,3.467,25.71,40.71,40.71,54.81,54.81,0.00993161
Equal_equlaity,Equal_equlaity_01_2.mov,01,2,210,30.0,7.0,17,193,177,5.9,15.71,56.67,62.38,67.23,74.01,0.00673611
Equal_equlaity,Equal_equlaity_02_1.mov,02,1,162,30.0,5.4,16,138,123,4.1,24.07,52.47,48.77,69.11,64.23,0.00705461
Equal_equlaity,Equal_equlaity_02_2.mov,02,2,248,30.0,8.267,22,205,184,6.133,25.81,54.44,53.63,73.37,72.28,0.0052961
Equal_equlaity,Equal_equlaity_05_1.mov,05,1,175,30.0,5.833,50,158,109,3.633,37.71,46.29,42.29,74.31,67.89,0.00765416
Equal_equlaity,Equal_equlaity_05_2.mov,05,2,229,30.0,7.633,51,189,139,4.633,39.3,48.03,45.41,79.14,74.82,0.00707127
Error,Error_01_1.mov,01,1,144,30.0,4.8,29,124,96,3.2,33.33,27.78,0.0,41.67,0.0,0.00765532
Error,Error_01_2.mov,01,2,224,30.0,7.467,36,191,156,5.2,30.36,50.0,0.45,71.79,0.64,0.00654871
Error,Error_02_1.mov,02,1,166,30.0,5.533,23,140,118,3.933,28.92,51.2,0.0,72.03,0.0,0.00548686
Error,Error_02_2.mov,02,2,234,30.0,7.8,47,217,171,5.7,26.92,51.71,0.0,70.76,0.0,0.00464644
Error,Error_05_1.mov,05,1,157,30.0,5.233,42,142,101,3.367,35.67,40.76,1.27,63.37,1.98,0.00939803
Error,Error_05_2.mov,05,2,228,30.0,7.6,45,227,183,6.1,19.74,29.39,0.88,36.61,1.09,0.0071265
Example,Example_01_1.mov,01,1,134,30.0,4.467,25,112,88,2.933,34.33,32.09,0.0,48.86,0.0,0.00749602
Example,Example_01_2.mov,01,2,163,30.0,5.433,18,148,131,4.367,19.63,42.94,0.0,53.44,0.0,0.00826305
Example,Example_02_1.mov,02,1,130,30.0,4.333,11,110,100,3.333,23.08,43.08,0.0,56.0,0.0,0.00633461
Example,Example_02_2.mov,02,2,232,30.0,7.733,21,193,173,5.767,25.43,56.47,0.0,75.72,0.0,0.00562433
Example,Example_05_1.mov,05,1,156,30.0,5.2,20,105,86,2.867,44.87,40.38,0.0,73.26,0.0,0.00709766
Example,Example_05_2.mov,05,2,175,30.0,5.833,21,119,99,3.3,43.43,43.43,0.0,76.77,0.0,0.00770494
Exercise,Exercise_02_1.MOV,02,1,131,30.0,4.367,10,109,100,3.333,23.66,53.44,0.0,70.0,0.0,0.00405394
Exercise,Exercise_02_2.MOV,02,2,170,30.0,5.667,28,162,135,4.5,20.59,59.41,0.0,74.81,0.0,0.00383297
Exercise,Exercise_03_1.MOV,03,1,113,30.0,3.767,9,96,88,2.933,22.12,45.13,0.0,57.95,0.0,0.00464258
Exercise,Exercise_03_2.MOV,03,2,189,30.0,6.3,25,186,162,5.4,14.29,64.02,0.0,74.69,0.0,0.0033544
Exercise,Exercise_06_1.MOV,06,1,109,30.0,3.633,33,98,66,2.2,39.45,34.86,0.0,57.58,0.0,0.00590996
Exercise,Exercise_06_2.MOV,06,2,108,30.0,3.6,24,100,77,2.567,28.7,50.0,0.0,70.13,0.0,0.00754506
Exist,Exist_01_1.MOV,01,1,164,30.0,5.467,0,148,149,4.967,9.15,16.46,34.15,18.12,37.58,0.00529881
Exist,Exist_01_2.MOV,01,2,100,30.0,3.333,21,87,67,2.233,33.0,32.0,34.0,47.76,50.75,0.00886062
Exist,Exist_05_1.MOV,05,1,139,30.0,4.633,42,130,89,2.967,35.97,33.09,32.37,51.69,50.56,0.00828524
Exist,Exist_05_2.MOV,05,2,116,30.0,3.867,33,95,63,2.1,45.69,25.0,24.14,46.03,44.44,0.01085691
Exist,Exist_06_1.MOV,06,1,125,30.0,4.167,30,99,70,2.333,44.0,30.4,28.8,54.29,51.43,0.01065126
Exist,Exist_06_2.MOV,06,2,105,30.0,3.5,24,85,62,2.067,40.95,32.38,31.43,54.84,53.23,0.01367223
Figure,Figure_01_1.mov,01,1,91,30.0,3.033,10,82,73,2.433,19.78,30.77,24.18,38.36,30.14,0.00614732
Figure,Figure_01_2.MOV,01,2,145,30.0,4.833,19,135,117,3.9,19.31,58.62,55.17,72.65,68.38,0.00659413
Figure,Figure_05_1.MOV,05,1,116,30.0,3.867,21,88,68,2.267,41.38,28.45,31.03,48.53,52.94,0.01190918
Figure,Figure_05_2.mov,05,2,112,30.0,3.733,23,105,83,2.767,25.89,46.43,45.54,62.65,61.45,0.01172467
Figure,Figure_06_1.mov,06,1,88,30.0,2.933,22,87,66,2.2,25.0,47.73,47.73,63.64,63.64,0.01451523
Figure,Figure_06_2.mov,06,2,82,30.0,2.733,24,78,55,1.833,32.93,39.02,41.46,58.18,61.82,0.02074133
First out,First out_02_1.MOV,02,1,136,30.0,4.533,24,111,88,2.933,35.29,31.62,36.76,48.86,56.82,0.0081526
First out,First out_02_2.MOV,02,2,163,30.0,5.433,19,156,138,4.6,15.34,52.15,36.81,61.59,43.48,0.00964497
First out,First out_03_1.MOV,03,1,229,30.0,7.633,42,228,187,6.233,18.34,68.12,55.02,83.42,67.38,0.00893216
First out,First out_03_2.MOV,03,2,154,30.0,5.133,44,147,104,3.467,32.47,45.45,31.82,67.31,47.12,0.00871925
First out,First out_05_1.MOV,05,1,157,30.0,5.233,27,142,116,3.867,26.11,48.41,26.11,65.52,35.34,0.00738493
First out,First out_05_2.MOV,05,2,122,30.0,4.067,28,107,80,2.667,34.43,43.44,18.03,66.25,27.5,0.00980643
First out,First out_06_1.MOV,06,1,116,30.0,3.867,0,105,106,3.533,8.62,63.79,73.28,60.38,80.19,0.01607028
First out,First out_06_2.MOV,06,2,142,30.0,4.733,37,134,98,3.267,30.99,50.0,35.21,72.45,51.02,0.01216085
Foreign key,Foreign key_01_1.MOV,01,1,152,30.0,5.067,25,136,112,3.733,26.32,45.39,42.76,61.61,58.04,0.00908665
Foreign key,Foreign key_01_2.MOV,01,2,236,30.0,7.867,20,212,193,6.433,18.22,57.63,69.92,70.47,85.49,0.0076451
Foreign key,Foreign key_02_1.MOV,02,1,216,30.0,7.2,9,215,207,6.9,4.17,75.0,87.04,78.26,90.82,0.00690713
Foreign key,Foreign key_02_2.MOV,02,2,155,30.0,5.167,16,151,136,4.533,12.26,60.65,67.1,69.12,76.47,0.00968881
Foreign key,Foreign key_07_1.mp4,07,1,196,59.94,3.27,0,195,196,3.27,0.0,81.12,85.71,81.12,85.71,0.00647208
Front,Front_01_1.MOV,01,1,105,30.0,3.5,19,79,61,2.033,41.9,29.52,0.0,50.82,0.0,0.00398335
Front,Front_01_2.MOV,01,2,157,30.0,5.233,0,135,136,4.533,13.38,43.95,0.0,50.74,0.0,0.00436692
Front,Front_05_1.MOV,05,1,106,30.0,3.533,29,96,68,2.267,35.85,39.62,37.74,61.76,58.82,0.00777019
Front,Front_05_2.MOV,05,2,114,30.0,3.8,32,109,78,2.6,31.58,43.86,43.86,64.1,64.1,0.00690152
Front,Front_06_1.MOV,06,1,97,30.0,3.233,25,88,64,2.133,34.02,35.05,38.14,53.12,57.81,0.01256598
Front,Front_06_2.MOV,06,2,98,30.0,3.267,23,95,73,2.433,25.51,42.86,46.94,57.53,63.01,0.0110196
Full,Full_01_1.MOV,01,1,90,30.0,3.0,12,73,62,2.067,31.11,17.78,11.11,25.81,16.13,0.00759213
Full,Full_01_2.MOV,01,2,141,30.0,4.7,35,127,93,3.1,34.04,37.59,38.3,56.99,58.06,0.00947025
Full,Full_05_1.MOV,05,1,119,30.0,3.967,53,114,62,2.067,47.9,26.05,28.57,50.0,54.84,0.01085804
Full,Full_05_2.MOV,05,2,98,30.0,3.267,22,97,76,2.533,22.45,56.12,57.14,72.37,73.68,0.01295823
Full,Full_06_1.MOV,06,1,96,30.0,3.2,25,82,58,1.933,39.58,31.25,32.29,51.72,53.45,0.01703822
Full,Full_06_2.MOV,06,2,116,30.0,3.867,31,98,68,2.267,41.38,32.76,32.76,55.88,55.88,0.01349436
Function,function_01_1.MOV,01,1,175,30.0,5.833,9,145,137,4.567,21.71,26.86,51.43,34.31,65.69,0.00886715
Function,function_01_2.MOV,01,2,85,30.0,2.833,0,68,69,2.3,18.82,37.65,34.12,46.38,42.03,0.01230188
Function,function_02_1.MOV,02,1,129,30.0,4.3,10,128,119,3.967,7.75,51.16,68.99,55.46,74.79,0.01141055
Function,function_02_2.MOV,02,2,201,30.0,6.7,12,182,171,5.7,14.93,45.27,66.17,53.22,77.78,0.00715101
Function,function_07_1.mp4,07,1,224,59.94,3.737,21,198,178,2.97,20.54,63.84,66.96,80.34,84.27,0.00625752
Graphics,Graphics_02_1.MOV,02,1,273,30.0,9.1,27,272,246,8.2,9.89,58.24,80.95,64.63,89.84,0.01458456
Graphics,Graphics_02_2.MOV,02,2,129,30.0,4.3,13,128,116,3.867,10.08,48.06,52.71,53.45,58.62,0.01612943
Graphics,Graphics_03_1.MOV,03,1,172,30.0,5.733,37,156,120,4.0,30.23,44.19,52.33,63.33,75.0,0.01105846
Graphics,Graphics_03_2.MOV,03,2,312,30.0,10.4,53,286,234,7.8,25.0,56.09,64.42,74.79,85.9,0.00936175
Graphics,Graphics_05_1.MOV,05,1,147,30.0,4.9,31,146,116,3.867,21.09,40.82,40.14,51.72,50.86,0.01187463
Graphics,Graphics_05_2.MOV,05,2,157,30.0,5.233,28,152,125,4.167,20.38,60.51,55.41,76.0,69.6,0.01355883
Hashtag,Hashtag_01_1.MOV,01,1,95,30.0,3.167,13,84,72,2.4,24.21,44.21,0.0,58.33,0.0,0.00718259
Hashtag,Hashtag_01_2.MOV,01,2,161,30.0,5.367,24,159,136,4.533,15.53,55.9,0.0,66.18,0.0,0.00531564
Hashtag,Hashtag_05_1.MOV,05,1,93,30.0,3.1,21,92,72,2.4,22.58,46.24,0.0,59.72,0.0,0.00819516
Hashtag,Hashtag_05_2.MOV,05,2,113,30.0,3.767,19,112,94,3.133,16.81,53.1,0.0,63.83,0.0,0.00738608
Hashtag,Hashtag_06_1.MOV,06,1,85,30.0,2.833,12,84,73,2.433,14.12,48.24,0.0,56.16,0.0,0.00804022
Hashtag,Hashtag_06_2.MOV,06,2,111,30.0,3.7,23,110,88,2.933,20.72,52.25,0.0,65.91,0.0,0.0072752
Higher,Higher_01_1.MOV,01,1,106,30.0,3.533,20,105,86,2.867,18.87,26.42,51.89,32.56,63.95,0.00923066
Higher,Higher_01_2.MOV,01,2,168,30.0,5.6,26,167,142,4.733,15.48,42.86,58.93,50.7,69.72,0.00869612
Higher,Higher_03_1.MOV,03,1,105,30.0,3.5,28,79,52,1.733,50.48,26.67,22.86,53.85,46.15,0.01081905
Higher,Higher_03_2.MOV,03,2,126,30.0,4.2,33,108,76,2.533,39.68,29.37,34.92,48.68,57.89,0.00998432
Higher,Higher_06_1.MOV,06,1,103,30.0,3.433,15,84,70,2.333,32.04,43.69,42.72,64.29,62.86,0.01582096
Higher,Higher_06_2.MOV,06,2,115,30.0,3.833,17,100,84,2.8,26.96,48.7,52.17,66.67,71.43,0.01475025
Hold,Hold_01_1.MOV,01,1,161,30.0,5.367,27,149,123,4.1,23.6,36.65,43.48,47.97,56.91,0.00841046
Hold,Hold_01_2.MOV,01,2,232,30.0,7.733,53,231,179,5.967,22.84,39.22,55.17,50.84,71.51,0.00931325
Hold,Hold_05_1.MOV,05,1,123,30.0,4.1,30,108,79,2.633,35.77,38.21,38.21,59.49,59.49,0.01159503
Hold,Hold_05_2.MOV,05,2,142,30.0,4.733,35,126,92,3.067,35.21,47.89,40.14,73.91,61.96,0.01072689
Hold,Hold_06_1.MOV,06,1,90,30.0,3.0,17,84,68,2.267,24.44,46.67,27.78,61.76,36.76,0.01184307
Hold,Hold_06_2.MOV,06,2,131,30.0,4.367,25,126,102,3.4,22.14,51.91,48.85,66.67,62.75,0.01106779
Id- identifier,Id- identifier_02_1.MOV,02,1,178,30.0,5.933,11,177,167,5.567,6.18,76.97,0.0,82.04,0.0,0.00516789
Id- identifier,Id- identifier_02_2.MOV,02,2,128,30.0,4.267,13,119,107,3.567,16.41,56.25,0.0,67.29,0.0,0.00521523
Id- identifier,Id- identifier_03_1.MOV,03,1,128,30.0,4.267,14,114,101,3.367,21.09,50.0,0.0,63.37,0.0,0.00618357
Id- identifier,Id- identifier_03_2.MOV,03,2,177,30.0,5.9,28,156,129,4.3,27.12,48.59,0.0,66.67,0.0,0.00459664
Id- identifier,Id- identifier_05_1.MOV,05,1,147,30.0,4.9,33,146,114,3.8,22.45,45.58,0.0,58.77,0.0,0.00620948
Id- identifier,Id- identifier_05_2.MOV,05,2,140,30.0,4.667,34,139,106,3.533,24.29,37.14,2.14,49.06,2.83,0.00834182
If,If_01_1.MOV,01,1,130,30.0,4.333,5,107,103,3.433,20.77,56.15,29.23,70.87,36.89,0.01266734
If,If_01_2.MOV,01,2,179,30.0,5.967,18,158,141,4.7,21.23,62.57,37.43,79.43,47.52,0.00997149
If,If_05_1.MOV,05,1,119,30.0,3.967,13,106,94,3.133,21.01,56.3,28.57,71.28,36.17,0.01290978
If,If_05_2.MOV,05,2,139,30.0,4.633,27,138,112,3.733,19.42,58.27,30.22,72.32,37.5,0.00870321
If,If_06_1.MOV,06,1,130,30.0,4.333,25,117,93,3.1,28.46,50.77,26.92,70.97,37.63,0.01114474
If,If_06_2.MOV,06,2,155,30.0,5.167,28,147,120,4.0,22.58,60.65,30.97,78.33,40.0,0.00883322
Inaccessible,Inaccessible_02_1.MOV,02,1,187,30.0,6.233,18,157,140,4.667,25.13,49.2,23.53,65.71,31.43,0.00874661
Inaccessible,Inaccessible_02_2.MOV,02,2,103,30.0,3.433,11,79,69,2.3,33.01,39.81,32.04,59.42,47.83,0.01150476
Inaccessible,Inaccessible_03_1.MOV,03,1,195,30.0,6.5,31,185,155,5.167,20.51,47.69,24.62,60.0,30.97,0.00634788
Inaccessible,Inaccessible_03_2.MOV,03,2,126,30.0,4.2,31,108,78,2.6,38.1,35.71,20.63,57.69,33.33,0.00930404
Inaccessible,Inaccessible_05_1.MOV,05,1,134,30.0,4.467,36,113,78,2.6,41.79,29.85,25.37,51.28,43.59,0.01012108
Inaccessible,Inaccessible_05_2.MOV,05,2,148,30.0,4.933,36,131,96,3.2,35.14,47.3,37.16,72.92,57.29,0.01089448
Include,include_03_1.MOV,03,1,138,30.0,4.6,13,129,117,3.9,15.22,67.39,21.74,79.49,25.64,0.01938296
Include,include_03_2.MOV,03,2,199,30.0,6.633,22,176,155,5.167,22.11,63.32,23.62,81.29,30.32,0.01327644
Include,include_05_1.MOV,05,1,193,30.0,6.433,37,165,129,4.3,33.16,51.81,18.65,77.52,27.91,0.01184252
Include,include_05_2.MOV,05,2,150,30.0,5.0,27,116,90,3.0,40.0,42.67,14.0,71.11,23.33,0.01223693
Include,include_06_1.MOV,06,1,142,30.0,4.733,24,141,118,3.933,16.9,66.9,27.46,80.51,33.05,0.01119673
Include,include_06_2.MOV,06,2,134,30.0,4.467,28,124,97,3.233,27.61,54.48,20.9,75.26,28.87,0.01096722
Index,Index_01_1.MOV,01,1,119,30.0,3.967,16,111,96,3.2,19.33,57.98,48.74,71.88,60.42,0.01142589
Index,Index_01_2.MOV,01,2,166,30.0,5.533,6,159,154,5.133,7.23,70.48,54.82,75.97,59.09,0.01391044
Index,Index_05_1.MOV,05,1,141,30.0,4.7,24,132,109,3.633,22.7,54.61,43.97,70.64,56.88,0.01301314
Index,Index_05_2.MOV,05,2,184,30.0,6.133,24,157,134,4.467,27.17,57.07,55.98,78.36,76.87,0.01062841
Index,Index_06_1.MOV,06,1,148,30.0,4.933,17,136,120,4.0,18.92,62.84,62.84,77.5,77.5,0.01100247
Index,Index_06_2.MOV,06,2,133,30.0,4.433,11,110,100,3.333,24.81,54.89,55.64,73.0,74.0,0.01147097
Information,information_01_1.MOV,01,1,205,30.0,6.833,5,200,196,6.533,4.39,65.85,0.0,68.88,0.0,0.00760648
Information,information_01_2.MOV,01,2,131,30.0,4.367,2,98,97,3.233,25.95,44.27,0.0,59.79,0.0,0.00740596
Information,information_02_1.MOV,02,1,180,30.0,6.0,9,169,161,5.367,10.56,62.22,0.0,69.57,0.0,0.00499408
Information,information_02_2.MOV,02,2,104,30.0,3.467,6,101,96,3.2,7.69,50.96,0.0,55.21,0.0,0.00787613
Information,information_07_1.mp4,07,1,98,30.0,3.267,0,83,84,2.8,14.29,0.0,62.24,0.0,72.62,0.00986902
Initialize,Initialize_02_1.MOV,02,1,347,30.0,11.567,21,321,301,10.033,13.26,71.47,32.85,82.39,37.87,0.00750187
Initialize,Initialize_02_2.MOV,02,2,170,30.0,5.667,7,153,147,4.9,13.53,65.29,28.24,75.51,32.65,0.01441192
Initialize,Initialize_03_1.MOV,03,1,222,30.0,7.4,18,207,190,6.333,14.41,72.52,27.93,84.74,32.63,0.00901669
Initialize,Initialize_03_2.MOV,03,2,392,30.0,13.067,43,371,329,10.967,16.07,73.47,32.14,87.54,38.3,0.0070795
Initialize,Initialize_05_1.MOV,05,1,256,30.0,8.533,41,251,211,7.033,17.58,60.55,14.84,73.46,18.01,0.01110691
Initialize,Initialize_05_2.MOV,05,2,208,30.0,6.933,34,194,161,5.367,22.6,55.29,14.42,71.43,18.63,0.01021823
Input-enter,Input-enter_02_1.MOV,02,1,121,30.0,4.033,17,95,79,2.633,34.71,35.54,14.88,54.43,22.78,0.00795379
Input-enter,Input-enter_02_2.MOV,02,2,260,30.0,8.667,107,229,123,4.1,52.69,37.69,31.92,79.67,65.85,0.00521281
Input-enter,Input-enter_05_1.MOV,05,1,202,30.0,6.733,64,167,104,3.467,48.51,40.1,37.13,77.88,72.12,0.00943491
Input-enter,Input-enter_05_2.MOV,05,2,164,30.0,5.467,54,143,90,3.0,45.12,40.24,35.37,73.33,64.44,0.01074836
Input-enter,Input-enter_08_1.MOV,08,1,145,30.0,4.833,35,122,88,2.933,39.31,43.45,33.79,71.59,55.68,0.00806464
Input-enter,Input-enter_08_2.MOV,08,2,243,30.0,8.1,63,222,160,5.333,34.16,54.32,40.33,82.5,61.25,0.00509543
int,int_02_1.MOV,02,1,146,30.0,4.867,38,134,97,3.233,33.56,40.41,0.0,60.82,0.0,0.00463549
int,int_02_2.MOV,02,2,108,30.0,3.6,16,99,84,2.8,22.22,50.93,0.0,65.48,0.0,0.00491534
int,int_03_1.MOV,03,1,110,30.0,3.667,15,93,79,2.633,28.18,40.0,0.0,55.7,0.0,0.00460193
int,int_03_2.MOV,03,2,203,30.0,6.767,29,186,158,5.267,22.17,56.65,0.0,72.78,0.0,0.00453582
int,int_06_1.MOV,06,1,101,30.0,3.367,19,81,63,2.1,37.62,38.61,0.0,61.9,0.0,0.00679614
int,int_06_2.MOV,06,2,122,30.0,4.067,22,102,81,2.7,33.61,45.08,0.0,67.9,0.0,0.00493771
Last in,Last in_02_1.MOV,02,1,135,30.0,4.5,12,126,115,3.833,14.81,51.85,57.78,60.87,67.83,0.01093106
Last in,Last in_02_2.MOV,02,2,207,30.0,6.9,27,203,177,5.9,14.49,63.29,66.18,74.01,77.4,0.00955165
Last in,Last in_03_1.MOV,03,1,150,30.0,5.0,28,138,111,3.7,26.0,39.33,48.67,53.15,65.77,0.01013085
Last in,Last in_03_2.MOV,03,2,235,30.0,7.833,59,218,160,5.333,31.91,42.13,49.79,61.88,73.12,0.00667691
Last in,Last in_06_1.MOV,06,1,122,30.0,4.067,28,118,91,3.033,25.41,50.0,54.1,67.03,72.53,0.0112248
Last in,Last in_06_2.MOV,06,2,146,30.0,4.867,28,144,117,3.9,19.86,60.27,56.16,75.21,70.09,0.00989832
Library,Library_01_1.MOV,01,1,112,30.0,3.733,20,97,78,2.6,30.36,34.82,25.89,50.0,37.18,0.00950059
Library,Library_01_2.MOV,01,2,198,30.0,6.6,29,175,147,4.9,25.76,49.49,55.05,66.67,74.15,0.0078629
Library,Library_05_1.MOV,05,1,94,30.0,3.133,28,91,64,2.133,31.91,38.3,27.66,56.25,40.62,0.01005897
Library,Library_05_2.MOV,05,2,111,30.0,3.7,23,103,81,2.7,27.03,47.75,34.23,65.43,46.91,0.00945655
Library,Library_06_1.MOV,06,1,111,30.0,3.7,25,95,71,2.367,36.04,40.54,39.64,63.38,61.97,0.01068482
Library,Library_06_2.MOV,06,2,114,30.0,3.8,19,106,88,2.933,22.81,51.75,50.0,67.05,64.77,0.01011775
Line,Line_02_1.MOV,02,1,94,30.0,3.133,11,80,70,2.333,25.53,46.81,45.74,62.86,61.43,0.00862195
Line,Line_02_2.MOV,02,2,136,30.0,4.533,28,135,108,3.6,20.59,55.88,53.68,70.37,67.59,0.00752722
Line,Line_03_1.MOV,03,1,101,30.0,3.367,11,88,78,2.6,22.77,46.53,46.53,60.26,60.26,0.01034958
Line,Line_03_2.MOV,03,2,177,30.0,5.9,33,162,130,4.333,26.55,49.15,49.72,66.92,67.69,0.00652186
Line,Line_06_1.MOV,06,1,105,30.0,3.5,30,87,58,1.933,44.76,18.1,29.52,32.76,53.45,0.01110828
Line,Line_06_2.MOV,06,2,127,30.0,4.233,33,106,74,2.467,41.73,35.43,37.8,60.81,64.86,0.00813324
List,list_03_1.MOV,03,1,103,30.0,3.433,21,97,77,2.567,25.24,48.54,39.81,64.94,53.25,0.01209713
List,list_03_2.MOV,03,2,98,30.0,3.267,14,93,80,2.667,18.37,58.16,43.88,71.25,53.75,0.01452045
List,list_05_1.MOV,05,1,120,30.0,4.0,37,101,65,2.167,45.83,30.83,16.67,56.92,30.77,0.01110386
List,list_05_2.MOV,05,2,115,30.0,3.833,22,114,93,3.1,19.13,58.26,42.61,72.04,52.69,0.01221658
List,list_06_1.MOV,06,1,123,30.0,4.1,23,108,86,2.867,30.08,49.59,49.59,70.93,70.93,0.01321357
List,list_06_2.MOV,06,2,111,30.0,3.7,27,99,73,2.433,34.23,43.24,45.95,65.75,69.86,0.01446946
Logical,logical_01_1.MOV,01,1,230,30.0,7.667,37,204,168,5.6,26.96,55.65,0.0,76.19,0.0,0.00484829
Logical,logical_01_2.MOV,01,2,128,30.0,4.267,10,104,95,3.167,25.78,46.09,0.0,62.11,0.0,0.00595483
Logical,logical_02_1.MOV,02,1,229,30.0,7.633,30,212,183,6.1,20.09,58.08,0.44,72.13,0.55,0.00498627
Logical,logical_02_2.MOV,02,2,127,30.0,4.233,6,105,100,3.333,21.26,46.46,0.0,59.0,0.0,0.00596604
Logical,logical_07_1.mp4,07,1,86,30.0,2.867,3,76,74,2.467,13.95,0.0,58.14,0.0,67.57,0.00757546
Loop,Loop_01_1.mov,01,1,117,30.0,3.9,13,94,82,2.733,29.91,23.08,0.0,32.93,0.0,0.00370042
Loop,Loop_01_2.mov,01,2,215,30.0,7.167,35,188,154,5.133,28.37,47.91,0.0,66.88,0.0,0.00341124
Loop,Loop_05_1.mov,05,1,103,30.0,3.433,12,85,74,2.467,28.16,43.69,0.0,60.81,0.0,0.0098546
Loop,Loop_05_2.mov,05,2,126,30.0,4.2,10,108,99,3.3,21.43,60.32,0.0,76.77,0.0,0.00837219
Loop,Loop_06_1.mov,06,1,107,30.0,3.567,22,106,85,2.833,20.56,47.66,0.0,60.0,0.0,0.00749358
Loop,Loop_06_2.mov,06,2,122,30.0,4.067,0,115,116,3.867,4.92,43.44,0.0,45.69,0.0,0.0045341
Many to many,Many to many_02_1.MOV,02,1,287,30.0,9.567,23,286,264,8.8,8.01,64.11,61.67,69.7,67.05,0.0054387
Many to many,Many to many_02_2.MOV,02,2,158,30.0,5.267,15,151,137,4.567,13.29,53.8,47.47,62.04,54.74,0.00735467
Many to many,Many to many_03_1.MOV,03,1,343,30.0,11.433,35,321,287,9.567,16.33,54.23,51.6,64.81,61.67,0.00456178
Many to many,Many to many_03_2.MOV,03,2,249,30.0,8.3,33,226,194,6.467,22.09,48.59,42.17,62.37,54.12,0.00524682
Many to many,Many to many_05_1.MOV,05,1,227,30.0,7.567,33,200,168,5.6,25.99,44.05,41.41,59.52,55.95,0.00918474
Many to many,Many to many_05_2.MOV,05,2,200,30.0,6.667,38,187,150,5.0,25.0,41.5,33.5,55.33,44.67,0.01166243
Many to one,Many to one_02_1.MOV,02,1,159,30.0,5.3,13,139,127,4.233,20.13,52.2,57.86,65.35,72.44,0.00696042
Many to one,Many to one_02_2.MOV,02,2,96,30.0,3.2,10,89,80,2.667,16.67,53.12,51.04,63.75,61.25,0.00714316
Many to one,Many to one_03_1.MOV,03,1,207,30.0,6.9,33,206,174,5.8,15.94,41.06,56.52,48.85,67.24,0.00492234
Many to one,Many to one_03_2.MOV,03,2,123,30.0,4.1,36,116,81,2.7,34.15,16.26,32.52,24.69,49.38,0.00711354
Many to one,Many to one_05_1.MOV,05,1,137,30.0,4.567,27,125,99,3.3,27.74,19.71,45.26,27.27,62.63,0.00815225
Many to one,Many to one_05_2.MOV,05,2,143,30.0,4.767,27,133,107,3.567,25.17,23.78,44.06,31.78,58.88,0.00739904
Max,Max_01_1.mov,01,1,141,30.0,4.7,34,122,89,2.967,36.88,34.75,13.48,55.06,21.35,0.00678096
Max,Max_01_2.mov,01,2,189,30.0,6.3,23,171,149,4.967,21.16,51.32,22.22,65.1,28.19,0.00671066
Max,Max_05_1.mov,05,1,123,30.0,4.1,27,116,90,3.0,26.83,31.71,32.52,43.33,44.44,0.01184365
Max,Max_05_2.mov,05,2,133,30.0,4.433,21,132,112,3.733,15.79,61.65,39.85,73.21,47.32,0.01065935
Max,Max_06_1.mov,06,1,100,30.0,3.333,17,91,75,2.5,25.0,43.0,29.0,57.33,38.67,0.01507269
Max,Max_06_2.mov,06,2,117,30.0,3.9,15,116,102,3.4,12.82,66.67,37.61,76.47,43.14,0.01380333
Memory,memory_01_1.mov,01,1,151,30.0,5.033,20,150,131,4.367,13.25,76.16,0.0,87.79,0.0,0.00675128
Memory,memory_01_2.mov,01,2,172,30.0,5.733,45,151,107,3.567,37.79,43.6,0.0,70.09,0.0,0.00524664
Memory,memory_02_1.mov,02,1,177,30.0,5.9,8,176,169,5.633,4.52,0.0,57.63,0.0,60.36,0.00919313
Memory,memory_02_2.mov,02,2,147,30.0,4.9,7,115,109,3.633,25.85,0.0,49.66,0.0,66.97,0.00684899
Memory,memory_05_1.mov,05,1,143,30.0,4.767,0,130,131,4.367,8.39,0.0,53.85,0.0,58.78,0.00998369
Memory,memory_05_2.mov,05,2,141,30.0,4.7,50,135,86,2.867,39.01,0.0,39.72,0.0,65.12,0.00996671
Memory leak,Memory leak_02_1.MOV,02,1,118,30.0,3.933,7,111,105,3.5,11.02,58.47,29.66,65.71,33.33,0.01130695
Memory leak,Memory leak_02_2.MOV,02,2,222,30.0,7.4,25,213,189,6.3,14.86,68.02,40.09,79.89,47.09,0.01006788
Memory leak,Memory leak_03_1.MOV,03,1,132,30.0,4.4,12,121,110,3.667,16.67,57.58,27.27,69.09,32.73,0.00724802
Memory leak,Memory leak_03_2.MOV,03,2,225,30.0,7.5,18,213,196,6.533,12.89,70.67,32.44,81.12,37.24,0.00631102
Memory leak,Memory leak_06_1.MOV,06,1,107,30.0,3.567,21,98,78,2.6,27.1,49.53,24.3,67.95,33.33,0.00998751
Memory leak,Memory leak_06_2.MOV,06,2,144,30.0,4.8,29,136,108,3.6,25.0,55.56,25.69,74.07,34.26,0.00860484
Message,Message_03_1.mov,03,1,109,30.0,3.633,28,108,81,2.7,25.69,31.19,41.28,41.98,55.56,0.01182345
Message,Message_03_2.mov,03,2,135,30.0,4.5,30,131,102,3.4,24.44,37.78,48.89,50.0,64.71,0.01356826
Message,Message_05_1.mov,05,1,133,30.0,4.433,35,108,74,2.467,44.36,36.09,29.32,64.86,52.7,0.00924006
Message,Message_05_2.mov,05,2,174,30.0,5.8,50,144,95,3.167,45.4,34.48,31.61,63.16,57.89,0.00795004
Message,Message_06_1.mov,06,1,108,30.0,3.6,31,86,56,1.867,48.15,32.41,30.56,62.5,58.93,0.0094246
Message,Message_06_2.mov,06,2,117,30.0,3.9,32,111,80,2.667,31.62,43.59,56.41,63.75,76.25,0.01073537
Min,Min_01_1.MOV,01,1,114,30.0,3.8,5,97,93,3.1,18.42,54.39,5.26,66.67,6.45,0.00911639
Min,Min_01_2.MOV,01,2,167,30.0,5.567,5,154,150,5.0,10.18,72.46,6.59,80.67,7.33,0.01032313
Min,Min_05_1.MOV,05,1,132,30.0,4.4,27,118,92,3.067,30.3,50.0,18.94,71.74,27.17,0.00829688
Min,Min_05_2.MOV,05,2,127,30.0,4.233,20,126,107,3.567,15.75,64.57,28.35,76.64,33.64,0.00792813
Min,Min_06_1.MOV,06,1,117,30.0,3.9,19,108,90,3.0,23.08,58.12,26.5,75.56,34.44,0.01152793
Min,Min_06_2.MOV,06,2,128,30.0,4.267,21,127,107,3.567,16.41,67.19,29.69,80.37,35.51,0.00952863
Multiple,multiple_02_1.MOV,02,1,239,30.0,7.967,19,229,211,7.033,11.72,76.57,30.13,86.73,34.12,0.00713821
Multiple,multiple_02_2.MOV,02,2,113,30.0,3.767,3,98,96,3.2,15.04,63.72,27.43,75.0,32.29,0.0100198
Multiple,multiple_03_1.MOV,03,1,147,30.0,4.9,26,142,117,3.9,20.41,55.78,18.37,70.09,23.08,0.00875028
Multiple,multiple_03_2.MOV,03,2,280,30.0,9.333,29,255,227,7.567,18.93,68.21,29.64,84.14,36.56,0.00661506
Multiple,multiple_05_1.MOV,05,1,156,30.0,5.2,30,129,100,3.333,35.9,44.23,17.95,69.0,28.0,0.00894217
Multiple,multiple_05_2.MOV,05,2,170,30.0,5.667,30,169,140,4.667,17.65,49.41,24.12,60.0,29.29,0.01009631
Name,name_01_1.MOV,01,1,188,30.0,6.267,22,183,162,5.4,13.83,75.53,3.72,87.65,4.32,0.00837239
Name,name_01_2.MOV,01,2,149,30.0,4.967,26,144,119,3.967,20.13,59.73,16.11,74.79,20.17,0.00830771
Name,name_02_1.MOV,02,1,142,30.0,4.733,15,131,117,3.9,17.61,58.45,0.0,70.94,0.0,0.00924272
Name,name_02_2.MOV,02,2,235,30.0,7.833,24,230,207,6.9,11.91,70.21,2.55,79.71,2.9,0.00676422
Name,name_07_1.mp4,07,1,230,59.94,3.837,0,229,230,3.837,0.0,78.26,100.0,78.26,100.0,0.00654353
New,New_01_1.mov,01,1,154,30.0,5.133,5,118,114,3.8,25.97,46.75,50.0,63.16,67.54,0.00748608
New,New_01_2.mov,01,2,293,30.0,9.767,19,268,250,8.333,14.68,63.48,67.92,74.4,79.6,0.00576689
New,New_02_1.mov,02,1,168,30.0,5.6,11,129,119,3.967,29.17,51.19,50.6,72.27,71.43,0.00530844
New,New_02_2.mov,02,2,267,30.0,8.9,19,251,233,7.767,12.73,74.91,75.66,85.84,86.7,0.00564043
New,New_05_1.mov,05,1,181,30.0,6.033,59,159,101,3.367,44.2,39.78,35.36,71.29,63.37,0.00624557
New,New_05_2.mov,05,2,172,30.0,5.733,41,157,117,3.9,31.98,54.65,52.33,80.34,76.92,0.0072494
Next,Next_01_1.MOV,01,1,107,30.0,3.567,15,99,85,2.833,20.56,19.63,0.0,24.71,0.0,0.00490519
Next,Next_01_2.MOV,01,2,141,30.0,4.7,21,139,119,3.967,15.6,34.04,0.0,40.34,0.0,0.00434553
Next,Next_05_1.MOV,05,1,100,30.0,3.333,29,99,71,2.367,29.0,39.0,0.0,54.93,0.0,0.00681998
Next,Next_05_2.MOV,05,2,110,30.0,3.667,31,109,79,2.633,28.18,40.91,0.0,56.96,0.0,0.00644381
Next,Next_06_1.MOV,06,1,86,30.0,2.867,12,73,62,2.067,27.91,40.7,0.0,56.45,0.0,0.00652822
Next,Next_06_2.MOV,06,2,90,30.0,3.0,15,89,75,2.5,16.67,48.89,0.0,58.67,0.0,0.00491673
Non binary relationship,Non binary relationship_02_1.MOV,02,1,182,30.0,6.067,8,179,172,5.733,5.49,77.47,7.14,81.98,7.56,0.01305825
Non binary relationship,Non binary relationship_02_2.MOV,02,2,410,30.0,13.667,25,381,357,11.9,12.93,77.07,9.51,88.52,10.92,0.00666608
Non binary relationship,Non binary relationship_03_1.MOV,03,1,304,30.0,10.133,51,282,232,7.733,23.68,59.87,14.8,78.45,19.4,0.00790241
Non binary relationship,Non binary relationship_03_2.MOV,03,2,232,30.0,7.733,48,209,162,5.4,30.17,48.28,14.22,69.14,20.37,0.0083408
Non binary relationship,Non binary relationship_05_1.MOV,05,1,206,30.0,6.867,27,184,158,5.267,23.3,52.91,19.42,68.99,25.32,0.01215226
Non binary relationship,Non binary relationship_05_2.MOV,05,2,188,30.0,6.267,41,167,127,4.233,32.45,47.87,4.26,70.87,6.3,0.01215701
Null,Null_01_1.mov,01,1,140,30.0,4.667,28,114,87,2.9,37.86,44.29,40.0,71.26,64.37,0.00882
Null,Null_01_2.mov,01,2,214,30.0,7.133,30,188,159,5.3,25.7,58.41,50.0,78.62,67.3,0.00783812
Null,Null_02_1.mov,02,1,177,30.0,5.9,25,144,120,4.0,32.2,48.02,15.25,70.83,22.5,0.00506953
Null,Null_02_2.mov,02,2,188,30.0,6.267,23,176,154,5.133,18.09,61.17,51.06,74.68,62.34,0.00668782
Null,Null_05_1.mov,05,1,155,30.0,5.167,27,131,105,3.5,32.26,49.68,25.81,73.33,38.1,0.00659662
Null,Null_05_2.mov,05,2,174,30.0,5.8,21,125,105,3.5,39.66,47.7,41.95,79.05,69.52,0.00877093
Object,Object_01_1.MOV,01,1,107,30.0,3.567,14,75,62,2.067,42.06,33.64,0.0,58.06,0.0,0.00497689
Object,Object_01_2.MOV,01,2,158,30.0,5.267,30,154,125,4.167,20.89,53.8,0.0,68.0,0.0,0.00309799
Object,Object_05_1.MOV,05,1,99,30.0,3.3,27,92,66,2.2,33.33,35.35,0.0,53.03,0.0,0.00554
Object,Object_05_2.MOV,05,2,103,30.0,3.433,19,102,84,2.8,18.45,47.57,0.0,58.33,0.0,0.00655214
Object,Object_06_1.MOV,06,1,85,30.0,2.833,20,83,64,2.133,24.71,41.18,0.0,54.69,0.0,0.00631125
Object,Object_06_2.MOV,06,2,101,30.0,3.367,21,96,76,2.533,24.75,50.5,0.0,67.11,0.0,0.00761969
One to many,One to many_02_1.MOV,02,1,301,30.0,10.033,20,282,263,8.767,12.62,36.88,42.19,42.21,48.29,0.00442025
One to many,One to many_02_2.MOV,02,2,143,30.0,4.767,7,125,119,3.967,16.78,35.66,32.17,42.86,38.66,0.00615898
One to many,One to many_03_1.MOV,03,1,201,30.0,6.7,28,191,164,5.467,18.41,26.87,23.38,32.93,28.66,0.00573116
One to many,One to many_03_2.MOV,03,2,272,30.0,9.067,42,260,219,7.3,19.49,33.82,38.6,42.01,47.95,0.00477216
One to many,One to many_05_1.MOV,05,1,189,30.0,6.3,35,169,135,4.5,28.57,30.16,29.63,42.22,41.48,0.00894814
One to many,One to many_05_2.MOV,05,2,205,30.0,6.833,34,184,151,5.033,26.34,32.68,31.22,44.37,42.38,0.01039127
One to one,One to one_02_1.MOV,02,1,171,30.0,5.7,17,141,125,4.167,26.9,55.56,24.56,76.0,33.6,0.00590978
One to one,One to one_02_2.MOV,02,2,83,30.0,2.767,7,64,58,1.933,30.12,37.35,16.87,53.45,24.14,0.00699709
One to one,One to one_03_1.MOV,03,1,271,30.0,9.033,51,240,190,6.333,29.89,50.18,21.4,71.58,30.53,0.00430242
One to one,One to one_03_2.MOV,03,2,125,30.0,4.167,0,112,113,3.767,9.6,36.8,17.6,40.71,19.47,0.0046322
One to one,One to one_05_1.MOV,05,1,129,30.0,4.3,28,126,99,3.3,23.26,48.84,20.16,63.64,26.26,0.00785835
One to one,One to one_05_2.MOV,05,2,137,30.0,4.567,28,132,105,3.5,23.36,37.23,17.52,48.57,22.86,0.00747694
Operation,Operation_02_1.MOV,02,1,192,30.0,6.4,15,167,153,5.1,20.31,64.06,30.73,80.39,38.56,0.00620949
Operation,Operation_02_2.MOV,02,2,160,30.0,5.333,12,148,137,4.567,14.38,60.62,35.62,70.8,41.61,0.0063278
Operation,Operation_03_1.MOV,03,1,262,30.0,8.733,37,240,204,6.8,22.14,53.05,23.28,68.14,29.9,0.00475443
Operation,Operation_03_2.MOV,03,2,139,30.0,4.633,20,119,100,3.333,28.06,49.64,21.58,69.0,30.0,0.00701798
Operation,Operation_05_1.MOV,05,1,152,30.0,5.067,24,133,110,3.667,27.63,54.61,24.34,75.45,33.64,0.0104369
Operation,Operation_05_2.MOV,05,2,116,30.0,3.867,21,103,83,2.767,28.45,46.55,20.69,65.06,28.92,0.01434565
Order,Order_01_1.mov,01,1,120,30.0,4.0,20,119,100,3.333,16.67,50.0,60.83,60.0,73.0,0.00912348
Order,Order_01_2.mov,01,2,197,30.0,6.567,24,179,156,5.2,20.81,52.79,63.96,66.67,80.77,0.00944636
Order,Order_05_1.mov,05,1,133,30.0,4.433,34,112,79,2.633,40.6,34.59,33.08,58.23,55.7,0.0079813
Order,Order_05_2.mov,05,2,135,30.0,4.5,36,124,89,2.967,34.07,43.7,42.96,66.29,65.17,0.00811778
Order,Order_06_1.mov,06,1,99,30.0,3.3,18,83,66,2.2,33.33,41.41,42.42,62.12,63.64,0.01809737
Order,Order_06_2.mov,06,2,146,30.0,4.867,30,126,97,3.233,33.56,40.41,49.32,60.82,74.23,0.01105644
Page,Page_01_1.mov,01,1,140,30.0,4.667,25,139,115,3.833,17.86,44.29,45.0,53.91,54.78,0.01060923
Page,Page_01_2.mov,01,2,269,30.0,8.967,26,250,225,7.5,16.36,44.61,50.56,53.33,60.44,0.00959993
Page,Page_05_1.mov,05,1,113,30.0,3.767,27,112,86,2.867,23.89,50.44,50.44,66.28,66.28,0.00922787
Page,Page_05_2.mov,05,2,139,30.0,4.633,23,138,116,3.867,16.55,65.47,63.31,78.45,75.86,0.01052716
Page,Page_06_1.mov,06,1,99,30.0,3.3,22,87,66,2.2,33.33,42.42,45.45,63.64,68.18,0.01226087
Page,Page_06_2.mov,06,2,126,30.0,4.2,17,113,97,3.233,23.02,58.73,58.73,76.29,76.29,0.01125217
Pointer,Pointer_01_1.mov,01,1,127,30.0,4.233,20,105,86,2.867,32.28,45.67,0.0,67.44,0.0,0.00523894
Pointer,Pointer_01_2.mov,01,2,157,30.0,5.233,11,148,138,4.6,12.1,71.97,0.0,81.88,0.0,0.00534707
Pointer,Pointer_05_1.mov,05,1,105,30.0,3.5,0,95,96,3.2,8.57,37.14,0.0,40.62,0.0,0.00535879
Pointer,Pointer_05_2.mov,05,2,137,30.0,4.567,23,133,111,3.7,18.98,59.12,0.0,72.97,0.0,0.0059277
Pointer,Pointer_06_1.mov,06,1,85,30.0,2.833,9,81,73,2.433,14.12,60.0,0.0,69.86,0.0,0.0083589
Pointer,Pointer_06_2.mov,06,2,127,30.0,4.233,14,126,113,3.767,11.02,55.12,0.79,61.95,0.88,0.00549631
Primary key,Primary key_02_1.MOV,02,1,183,30.0,6.1,16,182,167,5.567,8.74,77.05,0.0,84.43,0.0,0.00682357
Primary key,Primary key_02_2.MOV,02,2,121,30.0,4.033,13,105,93,3.1,23.14,55.37,0.0,72.04,0.0,0.00612644
Primary key,Primary key_03_1.MOV,03,1,197,30.0,6.567,33,182,150,5.0,23.86,54.82,0.0,72.0,0.0,0.00466628
Primary key,Primary key_03_2.MOV,03,2,144,30.0,4.8,29,132,104,3.467,27.78,44.44,0.0,61.54,0.0,0.00531043
Primary key,Primary key_05_1.MOV,05,1,151,30.0,5.033,21,132,112,3.733,25.83,47.68,0.0,64.29,0.0,0.01021729
Primary key,Primary key_05_2.MOV,05,2,149,30.0,4.967,41,131,91,3.033,38.93,42.28,0.0,69.23,0.0,0.00916849
Priority,Priority_01_1.mov,01,1,167,30.0,5.567,17,145,129,4.3,22.75,43.71,58.08,56.59,75.19,0.00884245
Priority,Priority_01_2.mov,01,2,249,30.0,8.3,50,245,196,6.533,21.29,59.04,34.54,75.0,42.86,0.01173492
Priority,Priority_05_1.mov,05,1,136,30.0,4.533,37,127,91,3.033,33.09,37.5,38.97,56.04,58.24,0.00804934
Priority,Priority_05_2.mov,05,2,150,30.0,5.0,37,135,99,3.3,34.0,44.67,42.67,67.68,64.65,0.00735989
Priority,Priority_06_1.mov,06,1,134,30.0,4.467,16,118,103,3.433,23.13,53.73,55.97,69.9,72.82,0.00983035
Priority,Priority_06_2.mov,06,2,172,30.0,5.733,25,169,145,4.833,15.7,62.21,67.44,73.79,80.0,0.01013407
Private,private_03_1.MOV,03,1,103,30.0,3.433,0,102,103,3.433,0.0,55.34,0.0,55.34,0.0,0.00842169
Private,private_03_2.MOV,03,2,94,30.0,3.133,21,79,59,1.967,37.23,36.17,0.0,57.63,0.0,0.00811095
Private,private_05_1.MOV,05,1,126,30.0,4.2,25,118,94,3.133,25.4,43.65,0.0,58.51,0.0,0.00477366
Private,private_05_2.MOV,05,2,113,30.0,3.767,30,103,74,2.467,34.51,38.94,0.0,59.46,0.0,0.00623033
Private,private_06_1.MOV,06,1,93,30.0,3.1,26,80,55,1.833,40.86,33.33,0.0,56.36,0.0,0.00716405
Private,private_06_2.MOV,06,2,89,30.0,2.967,30,83,54,1.8,39.33,35.96,0.0,59.26,0.0,0.00661516
Procedure,procedure_01_1.MOV,01,1,228,30.0,7.6,35,226,192,6.4,15.79,72.81,73.25,86.46,86.98,0.01196378
Procedure,procedure_01_2.MOV,01,2,128,30.0,4.267,17,115,99,3.3,22.66,49.22,53.91,63.64,69.7,0.01025272
Procedure,procedure_02_1.MOV,02,1,207,30.0,6.9,14,202,189,6.3,8.7,79.23,79.23,86.77,86.77,0.01088289
Procedure,procedure_02_2.MOV,02,2,100,30.0,3.333,10,98,89,2.967,11.0,67.0,62.0,75.28,69.66,0.01422523
Procedure,procedure_07_1.mp4,07,1,194,59.94,3.237,0,187,188,3.136,3.09,78.87,81.44,81.38,84.04,0.01024213
Produce,produce_01_1.MOV,01,1,183,30.0,6.1,36,176,141,4.7,22.95,61.75,61.2,75.89,79.43,0.00656188
Produce,Produce_01_2.MOV,01,2,133,30.0,4.433,14,125,112,3.733,15.79,71.43,66.17,83.93,78.57,0.00785385
Produce,produce_02_1.MOV,02,1,164,30.0,5.467,8,147,140,4.667,14.63,54.27,72.56,63.57,85.0,0.00882419
Produce,Produce_02_2.MOV,02,2,102,30.0,3.4,11,101,91,3.033,10.78,99.02,99.02,98.9,98.9,0.01142427
Produce,produce_07_1.mp4,07,1,198,59.94,3.303,5,191,187,3.12,5.56,75.25,65.66,79.68,69.52,0.00420991
Program,program_01_1.mov,01,1,188,30.0,6.267,36,161,126,4.2,32.98,38.3,54.26,57.14,80.95,0.00914043
Program,program_01_2.mov,01,2,260,30.0,8.667,33,237,205,6.833,21.15,50.38,67.69,63.9,85.85,0.00806533
Program,program_02_1.mov,02,1,228,30.0,7.6,24,145,122,4.067,46.49,37.28,35.96,69.67,67.21,0.0075396
Program,program_02_2.mov,02,2,243,30.0,8.1,42,212,171,5.7,29.63,49.79,54.32,70.76,77.19,0.00759935
Program,program_05_1.mov,05,1,197,30.0,6.567,42,158,117,3.9,40.61,48.73,44.16,82.05,74.36,0.00856267
Program,program_05_2.mov,05,2,177,30.0,5.9,42,169,128,4.267,27.68,58.76,52.54,81.25,72.66,0.00777102
Prompt,Prompt_02_1.mov,02,1,116,30.0,3.867,7,98,92,3.067,20.69,48.28,44.83,60.87,56.52,0.00919099
Prompt,Prompt_02_2.mov,02,2,167,30.0,5.567,30,148,119,3.967,28.74,55.69,53.29,78.15,74.79,0.00886337
Prompt,Prompt_03_1.mov,03,1,133,30.0,4.433,32,125,94,3.133,29.32,40.6,38.35,57.45,54.26,0.0065283
Prompt,Prompt_03_2.mov,03,2,197,30.0,6.567,30,194,165,5.5,16.24,55.84,56.35,66.67,67.27,0.00563807
Prompt,Prompt_05_1.mov,05,1,153,30.0,5.1,28,152,125,4.167,18.3,45.1,41.18,55.2,50.4,0.01419541
Prompt,Prompt_05_2.mov,05,2,181,30.0,6.033,30,160,131,4.367,27.62,53.59,46.41,74.05,64.12,0.01291073
Public,public_03_1.MOV,03,1,142,30.0,4.733,35,141,107,3.567,24.65,51.41,54.23,68.22,71.96,0.00927741
Public,public_03_2.MOV,03,2,105,30.0,3.5,21,100,80,2.667,23.81,51.43,47.62,67.5,62.5,0.01356801
Public,public_05_1.MOV,05,1,131,30.0,4.367,43,130,88,2.933,32.82,51.91,51.15,77.27,76.14,0.00787723
Public,public_05_2.MOV,05,2,116,30.0,3.867,26,108,83,2.767,28.45,50.0,48.28,69.88,67.47,0.01050282
Public,public_06_1.MOV,06,1,109,30.0,3.633,28,95,68,2.267,37.61,36.7,35.78,58.82,57.35,0.00942082
Public,public_06_2.MOV,06,2,110,30.0,3.667,30,89,60,2.0,45.45,32.73,34.55,60.0,63.33,0.01155568
Queue,Queue_01_1.mov,01,1,161,30.0,5.367,27,149,123,4.1,23.6,36.65,43.48,47.97,56.91,0.00841046
Queue,Queue_01_2.mov,01,2,232,30.0,7.733,53,231,179,5.967,22.84,39.22,55.17,50.84,71.51,0.00931325
Queue,Queue_05_1.mov,05,1,106,30.0,3.533,38,100,63,2.1,40.57,29.25,29.25,49.21,49.21,0.00977826
Queue,Queue_05_2.mov,05,2,109,30.0,3.633,0,108,109,3.633,0.0,29.36,32.11,29.36,32.11,0.00714393
Queue,Queue_06_1.mov,06,1,102,30.0,3.4,21,91,71,2.367,30.39,34.31,33.33,49.3,47.89,0.01144102
Queue,Queue_06_2.mov,06,2,104,30.0,3.467,21,96,76,2.533,26.92,44.23,37.5,60.53,51.32,0.01145593
Rear,Rear_01_1.mov,01,1,179,30.0,5.967,45,159,115,3.833,35.75,45.81,0.0,71.3,0.0,0.00354479
Rear,Rear_01_2.mov,01,2,121,30.0,4.033,24,84,61,2.033,49.59,26.45,0.0,52.46,0.0,0.00477607
Rear,Rear_05_1.mov,05,1,106,30.0,3.533,0,105,106,3.533,0.0,34.91,0.0,34.91,0.0,0.00489365
Rear,Rear_05_2.mov,05,2,126,30.0,4.2,33,125,93,3.1,26.19,45.24,0.0,61.29,0.0,0.00594675
Rear,Rear_06_1.mov,06,1,98,30.0,3.267,23,77,55,1.833,43.88,23.47,0.0,41.82,0.0,0.00914879
Rear,Rear_06_2.mov,06,2,122,30.0,4.067,32,110,79,2.633,35.25,36.07,0.0,55.7,0.0,0.00660747
Rectangle,rectangle_01_1.MOV,01,1,162,30.0,5.4,17,146,130,4.333,19.75,51.23,50.0,63.85,62.31,0.0091539
Rectangle,rectangle_01_2.MOV,01,2,93,30.0,3.1,11,90,80,2.667,13.98,46.24,41.94,53.75,48.75,0.013887
Rectangle,rectangle_02_1.MOV,02,1,192,30.0,6.4,22,170,149,4.967,22.4,55.73,57.29,71.81,73.83,0.00644035
Rectangle,rectangle_02_2.MOV,02,2,102,30.0,3.4,12,94,83,2.767,18.63,47.06,44.12,57.83,54.22,0.01006795
Rectangle,rectangle_07_1.mp4,07,1,69,25.0,2.76,4,63,60,2.4,13.04,63.77,62.32,73.33,71.67,0.01375782
Relation,Relation_02_1.MOV,02,1,197,30.0,6.567,29,177,149,4.967,24.37,53.81,34.52,71.14,45.64,0.00920056
Relation,Relation_02_2.MOV,02,2,142,30.0,4.733,21,130,110,3.667,22.54,51.41,33.1,66.36,42.73,0.00977913
Relation,Relation_03_1.MOV,03,1,146,30.0,4.867,15,131,117,3.9,19.86,57.53,19.86,71.79,24.79,0.01174
Relation,Relation_03_2.MOV,03,2,100,30.0,3.333,6,85,80,2.667,20.0,43.0,32.0,53.75,40.0,0.01044748
Relation,Relation_05_1.mov,05,1,172,30.0,5.733,40,164,125,4.167,27.33,55.23,48.26,76.0,66.4,0.00796442
Relation,Relation_05_2.mov,05,2,202,30.0,6.733,48,170,123,4.1,39.11,44.55,42.57,73.17,69.92,0.00769692
Represent,Represent_01_1.MOV,01,1,181,30.0,6.033,32,162,131,4.367,27.62,44.75,18.78,61.83,25.95,0.0067933
Represent,Represent_01_2.MOV,01,2,95,30.0,3.167,13,78,66,2.2,30.53,35.79,15.79,51.52,22.73,0.0089685
Represent,Represent_02_1.MOV,02,1,166,30.0,5.533,13,157,145,4.833,12.65,72.29,45.78,82.76,52.41,0.01209152
Represent,Represent_02_2.MOV,02,2,84,30.0,2.8,0,80,81,2.7,3.57,71.43,51.19,74.07,53.09,0.01352425
Represent,Represent_07_1.mp4,07,1,75,30.0,2.5,4,72,69,2.3,8.0,66.67,60.0,72.46,65.22,0.01534071
Reserved,Reserved_02_1.mov,02,1,112,30.0,3.733,19,111,93,3.1,16.96,40.18,0.89,48.39,1.08,0.00739332
Reserved,Reserved_02_2.mov,02,2,146,30.0,4.867,44,143,100,3.333,31.51,38.36,5.48,56.0,8.0,0.00532824
Reserved,Reserved_03_1.mov,03,1,98,30.0,3.267,10,77,68,2.267,30.61,41.84,23.47,60.29,33.82,0.01102321
Reserved,Reserved_03_2.mov,03,2,152,30.0,5.067,18,139,122,4.067,19.74,49.34,37.5,61.48,46.72,0.00835312
Reserved,Reserved_06_1.mov,06,1,88,30.0,2.933,27,82,56,1.867,36.36,34.09,31.82,53.57,50.0,0.01158565
Reserved,Reserved_06_2.mov,06,2,116,30.0,3.867,37,115,79,2.633,31.9,41.38,32.76,60.76,48.1,0.00799027
Row,row_01_1.MOV,01,1,124,30.0,4.133,19,121,103,3.433,16.94,0.0,60.48,0.0,72.82,0.00756342
Row,row_01_2.MOV,01,2,80,30.0,2.667,0,55,56,1.867,30.0,0.0,27.5,0.0,39.29,0.00805957
Row,row_02_1.MOV,02,1,101,30.0,3.367,0,87,88,2.933,12.87,0.0,65.35,0.0,75.0,0.00941891
Row,row_02_2.MOV,02,2,55,30.0,1.833,0,45,46,1.533,16.36,0.0,56.36,0.0,67.39,0.01159407
Row,row_07_1.mp4,07,1,194,59.94,3.237,1,167,167,2.786,13.92,73.2,100.0,76.65,100.0,0.00475819
Rules,Rules_02_1.mov,02,1,148,30.0,4.933,13,145,133,4.433,10.14,33.78,0.0,37.59,0.0,0.00561498
Rules,Rules_02_2.mov,02,2,176,30.0,5.867,28,175,148,4.933,15.91,40.34,0.0,47.97,0.0,0.00572626
Rules,Rules_03_1.mov,03,1,134,30.0,4.467,20,120,101,3.367,24.63,50.0,0.0,66.34,0.0,0.00691524
Rules,Rules_03_2.mov,03,2,207,30.0,6.9,35,204,170,5.667,17.87,65.7,0.0,80.0,0.0,0.00569308
Rules,Rules_06_1.mov,06,1,98,30.0,3.267,21,92,72,2.4,26.53,48.98,0.0,66.67,0.0,0.00632236
Rules,Rules_06_2.mov,06,2,119,30.0,3.967,25,118,94,3.133,21.01,59.66,0.0,75.53,0.0,0.00600945
Run,Run_02_1.mov,02,1,83,30.0,2.767,14,73,60,2.0,27.71,34.94,37.35,48.33,51.67,0.0079072
Run,Run_02_2.mov,02,2,113,30.0,3.767,24,105,82,2.733,27.43,46.9,48.67,64.63,67.07,0.00874802
Run,Run_03_1.mov,03,1,107,30.0,3.567,20,94,75,2.5,29.91,41.12,40.19,58.67,57.33,0.00817794
Run,Run_03_2.mov,03,2,178,30.0,5.933,0,167,168,5.6,5.62,45.51,46.07,48.21,48.81,0.0055437
Run,Run_05_1.mov,05,1,134,30.0,4.467,41,108,68,2.267,49.25,27.61,26.12,54.41,51.47,0.01002111
Run,Run_05_2.mov,05,2,148,30.0,4.933,24,129,106,3.533,28.38,45.27,45.27,63.21,63.21,0.00953063
Run time error,Run time error_02_1.mov,02,1,159,30.0,5.3,14,144,131,4.367,17.61,63.52,0.0,77.1,0.0,0.00473036
Run time error,Run time error_02_2.mov,02,2,123,30.0,4.1,14,103,90,3.0,26.83,48.78,0.0,66.67,0.0,0.00472474
Run time error,Run time error_03_1.mov,03,1,176,30.0,5.867,24,169,146,4.867,17.05,60.23,0.0,72.6,0.0,0.00457795
Run time error,Run time error_03_2.mov,03,2,159,30.0,5.3,0,158,159,5.3,0.0,60.38,0.0,60.38,0.0,0.00437216
Run time error,Run time error_05_1.mov,05,1,114,30.0,3.8,27,104,78,2.6,31.58,44.74,0.0,65.38,0.0,0.00494968
Run time error,Run time error_05_2.mov,05,2,128,30.0,4.267,15,121,107,3.567,16.41,62.5,0.0,74.77,0.0,0.0054154
Semicolon,Semicolon_01_1.mov,01,1,123,30.0,4.1,14,110,97,3.233,21.14,40.65,0.0,51.55,0.0,0.00481567
Semicolon,Semicolon_01_2.mov,01,2,242,30.0,8.067,0,228,229,7.633,5.37,60.74,0.0,64.19,0.0,0.00385699
Semicolon,Semicolon_05_1.mov,05,1,114,30.0,3.8,24,86,63,2.1,44.74,31.58,0.0,57.14,0.0,0.00598766
Semicolon,Semicolon_05_2.mov,05,2,110,30.0,3.667,16,101,86,2.867,21.82,50.0,0.0,63.95,0.0,0.00697039
Semicolon,Semicolon_06_1.mov,06,1,91,30.0,3.033,17,86,70,2.333,23.08,48.35,0.0,62.86,0.0,0.00500456
Semicolon,Semicolon_06_2.mov,06,2,101,30.0,3.367,11,94,84,2.8,16.83,56.44,0.0,67.86,0.0,0.00509024
Sequence,Sequence_01_1.mov,01,1,148,30.0,4.933,17,122,106,3.533,28.38,39.86,27.03,55.66,37.74,0.00852325
Sequence,Sequence_01_2.mov,01,2,100,30.0,3.333,11,84,74,2.467,26.0,37.0,25.0,50.0,33.78,0.00804916
Sequence,Sequence_05_1.mov,05,1,126,30.0,4.2,32,113,82,2.733,34.92,46.83,40.48,71.95,62.2,0.01267956
Sequence,Sequence_05_2.mov,05,2,108,30.0,3.6,33,101,69,2.3,36.11,37.04,37.04,57.97,57.97,0.01147022
Sequence,Sequence_06_1.mov,06,1,107,30.0,3.567,26,99,74,2.467,30.84,39.25,43.93,56.76,63.51,0.00993129
Sequence,Sequence_06_2.mov,06,2,126,30.0,4.2,21,116,96,3.2,23.81,53.17,52.38,69.79,68.75,0.00988738
Server,Server_01_1.mov,01,1,160,30.0,5.333,11,132,122,4.067,23.75,54.37,51.88,71.31,68.03,0.0230947
Server,Server_01_2.mov,01,2,203,30.0,6.767,0,202,203,6.767,0.0,79.31,77.34,79.31,77.34,0.02199248
Server,Server_02_1.mov,02,1,212,30.0,7.067,0,192,193,6.433,8.96,73.11,60.38,80.31,66.32,0.0201943
Server,Server_02_2.mov,02,2,379,30.0,12.633,2,338,337,11.233,11.08,67.02,60.42,75.37,67.95,0.01393993
Server,Server_07_1.mp4,07,1,156,30.0,5.2,6,150,145,4.833,7.05,79.49,78.21,85.52,84.14,0.01621292
Simple_Basic,Simple_Basic_01_1.MOV,01,1,158,30.0,5.267,0,157,158,5.267,0.0,0.0,59.49,0.0,59.49,0.00433627
Simple_Basic,Simple_Basic_01_2.MOV,01,2,85,30.0,2.833,20,84,65,2.167,23.53,0.0,45.88,0.0,60.0,0.00844174
Simple_Basic,Simple_Basic_02_1.MOV,02,1,225,30.0,7.5,38,212,175,5.833,22.22,0.0,46.67,0.0,60.0,0.00314506
Simple_Basic,Simple_Basic_02_2.MOV,02,2,96,30.0,3.2,15,84,70,2.333,27.08,0.0,44.79,0.0,61.43,0.00539612
Simple_Basic,Simple_Basic_07_1.mp4,07,1,168,59.94,2.803,11,166,156,2.603,7.14,0.0,68.45,0.0,73.72,0.004231
Size,size_03_1.MOV,03,1,135,30.0,4.5,30,119,90,3.0,33.33,49.63,48.89,74.44,73.33,0.011559
Size,size_03_2.MOV,03,2,118,30.0,3.933,16,94,79,2.633,33.05,44.92,44.92,67.09,67.09,0.01165651
Size,size_05_1.MOV,05,1,129,30.0,4.3,35,102,68,2.267,47.29,28.68,28.68,54.41,54.41,0.01084564
Size,size_05_2.MOV,05,2,123,30.0,4.1,28,116,89,2.967,27.64,44.72,43.9,61.8,60.67,0.00718152
Size,size_06_1.MOV,06,1,118,30.0,3.933,24,103,80,2.667,32.2,40.68,41.53,60.0,61.25,0.00900429
Size,size_06_2.MOV,06,2,105,30.0,3.5,17,81,65,2.167,38.1,36.19,35.24,58.46,56.92,0.01094153
Small,Small_01_1.mov,01,1,111,30.0,3.7,18,94,77,2.567,30.63,39.64,23.42,57.14,33.77,0.00789589
Small,Small_01_2.mov,01,2,159,30.0,5.3,33,147,115,3.833,27.67,50.94,19.5,70.43,26.96,0.00758947
Small,Small_05_1.mov,05,1,105,30.0,3.5,28,87,60,2.0,42.86,34.29,31.43,60.0,55.0,0.01019174
Small,Small_05_2.mov,05,2,126,30.0,4.2,35,125,91,3.033,27.78,39.68,36.51,54.95,50.55,0.00679541
Small,Small_06_1.mov,06,1,75,30.0,2.5,18,73,56,1.867,25.33,37.33,37.33,50.0,50.0,0.01055727
Small,Small_06_2.mov,06,2,113,30.0,3.767,29,104,76,2.533,32.74,40.71,40.71,60.53,60.53,0.00799459
Source,Source_02_1.mov,02,1,96,30.0,3.2,7,70,64,2.133,33.33,35.42,25.0,53.12,37.5,0.01380722
Source,Source_02_2.mov,02,2,166,30.0,5.533,34,158,125,4.167,24.7,55.42,31.33,73.6,41.6,0.01299337
Source,Source_03_1.mov,03,1,123,30.0,4.1,33,110,78,2.6,36.59,28.46,33.33,44.87,52.56,0.01455106
Source,Source_03_2.mov,03,2,186,30.0,6.2,37,170,134,4.467,27.96,45.16,51.61,62.69,71.64,0.00905945
Source,Source_05_1.mov,05,1,122,30.0,4.067,23,87,65,2.167,46.72,34.43,27.05,64.62,50.77,0.01272366
Source,Source_05_2.mov,05,2,140,30.0,4.667,32,121,90,3.0,35.71,45.0,37.14,70.0,57.78,0.0122973
Specify,specify_03_1.MOV,03,1,128,30.0,4.267,24,123,100,3.333,21.88,27.34,39.06,35.0,50.0,0.00919374
Specify,specify_03_2.MOV,03,2,92,30.0,3.067,12,73,62,2.067,32.61,18.48,31.52,27.42,46.77,0.01065952
Specify,specify_05_1.MOV,05,1,122,30.0,4.067,32,100,69,2.3,43.44,15.57,23.77,27.54,42.03,0.00760182
Specify,specify_05_2.MOV,05,2,129,30.0,4.3,32,113,82,2.733,36.43,30.23,37.21,47.56,58.54,0.00879847
Specify,specify_06_1.MOV,06,1,98,30.0,3.267,35,94,60,2.0,38.78,37.76,33.67,61.67,55.0,0.00993102
Specify,specify_06_2.MOV,06,2,97,30.0,3.233,27,79,53,1.767,45.36,26.8,27.84,49.06,50.94,0.00864484
Stack,Stack_01_1.mov,01,1,134,30.0,4.467,3,118,116,3.867,13.43,62.69,36.57,72.41,42.24,0.01376855
Stack,Stack_01_2.mov,01,2,243,30.0,8.1,28,222,195,6.5,19.75,59.67,37.86,74.36,47.18,0.01194332
Stack,Stack_02_1.mov,02,1,103,30.0,3.433,0,92,93,3.1,9.71,65.05,39.81,72.04,44.09,0.016132
Stack,Stack_02_2.mov,02,2,186,30.0,6.2,7,183,177,5.9,4.84,75.81,48.92,79.66,51.41,0.01162427
Stack,Stack_07_1.mp4,07,1,103,30.0,3.433,0,96,97,3.233,5.83,73.79,64.08,78.35,68.04,0.0128001
Start,Start_01_1.mov,01,1,133,30.0,4.433,23,115,93,3.1,30.08,43.61,38.35,62.37,54.84,0.00767634
Start,Start_01_2.mov,01,2,187,30.0,6.233,22,152,131,4.367,29.95,47.06,40.64,67.18,58.02,0.00825819
Start,Start_05_1.mov,05,1,121,30.0,4.033,22,95,74,2.467,38.84,38.84,32.23,63.51,52.7,0.00675437
Start,Start_05_2.mov,05,2,129,30.0,4.3,21,115,95,3.167,26.36,50.39,50.39,68.42,68.42,0.00701207
Start,Start_06_1.mov,06,1,81,30.0,2.7,20,80,61,2.033,24.69,43.21,39.51,57.38,52.46,0.00807098
Start,Start_06_2.mov,06,2,130,30.0,4.333,26,129,104,3.467,20.0,56.15,54.62,70.19,68.27,0.00653967
Step,Step_01_1.mov,01,1,151,30.0,5.033,23,126,104,3.467,31.13,28.48,11.92,41.35,17.31,0.00833283
Step,Step_01_2.mov,01,2,242,30.0,8.067,34,222,189,6.3,21.9,42.56,28.51,54.5,36.51,0.00820634
Step,Step_05_1.mov,05,1,129,30.0,4.3,36,128,93,3.1,27.91,50.39,44.19,69.89,61.29,0.00697267
Step,Step_05_2.mov,05,2,152,30.0,5.067,39,151,113,3.767,25.66,55.26,51.97,74.34,69.91,0.00692753
Step,Step_06_1.mov,06,1,123,30.0,4.1,26,101,76,2.533,38.21,41.46,36.59,67.11,59.21,0.01042813
Step,Step_06_2.mov,06,2,130,30.0,4.333,17,123,107,3.567,17.69,48.46,62.31,58.88,75.7,0.01098879
store,store_01_1.mov,01,1,147,30.0,4.9,17,111,95,3.167,35.37,48.98,36.73,75.79,56.84,0.0067809
store,store_01_2.mov,01,2,218,30.0,7.267,26,178,153,5.1,29.82,52.75,38.99,75.16,55.56,0.00467976
store,store_02_1.mov,02,1,205,30.0,6.833,36,147,112,3.733,45.37,36.1,37.07,66.07,67.86,0.00828903
store,store_02_2.mov,02,2,233,30.0,7.767,27,180,154,5.133,33.91,51.5,52.36,77.92,79.22,0.00750405
store,store_05_1.mov,05,1,177,30.0,5.9,25,121,97,3.233,45.2,32.2,37.85,58.76,69.07,0.00802171
store,store_05_2.mov,05,2,171,30.0,5.7,33,138,106,3.533,38.01,40.94,44.44,66.04,71.7,0.00838212
Straightforward- clear,Straightforward- clear_01_1.mov,01,1,120,30.0,4.0,0,84,85,2.833,29.17,28.33,27.5,40.0,38.82,0.01069026
Straightforward- clear,Straightforward- clear_01_2.mov,01,2,231,30.0,7.7,54,187,134,4.467,41.99,44.16,33.77,76.12,58.21,0.00760334
Straightforward- clear,Straightforward- clear_02_1.mov,02,1,93,30.0,3.1,19,82,64,2.133,31.18,36.56,36.56,53.12,53.12,0.01101583
Straightforward- clear,Straightforward- clear_02_2.mov,02,2,177,30.0,5.9,43,168,126,4.2,28.81,49.15,51.41,69.05,72.22,0.00602448
Straightforward- clear,Straightforward- clear_07_1.mp4,07,1,60,25.0,2.4,0,52,53,2.12,11.67,63.33,61.67,71.7,69.81,0.01979745
String,String_01_1.mov,01,1,119,30.0,3.967,14,99,86,2.867,27.73,42.02,31.93,58.14,44.19,0.00913752
String,String_01_2.mov,01,2,212,30.0,7.067,19,188,170,5.667,19.81,49.06,41.04,61.18,51.18,0.00543654
String,String_05_1.mov,05,1,115,30.0,3.833,37,105,69,2.3,40.0,38.26,36.52,63.77,60.87,0.0087635
String,String_05_2.mov,05,2,136,30.0,4.533,34,127,94,3.133,30.88,48.53,45.59,70.21,65.96,0.00621415
String,String_06_1.mov,06,1,104,30.0,3.467,19,99,81,2.7,22.12,53.85,55.77,69.14,71.6,0.01198214
String,String_06_2.mov,06,2,128,30.0,4.267,26,124,99,3.3,22.66,57.81,57.81,74.75,74.75,0.00886233
Strong,strong_01_1.MOV,01,1,136,30.0,4.533,33,123,91,3.033,33.09,38.97,0.0,58.24,0.0,0.00493903
Strong,strong_01_2.MOV,01,2,102,30.0,3.4,29,86,58,1.933,43.14,21.57,0.0,37.93,0.0,0.00696919
Strong,strong_02_1.MOV,02,1,144,30.0,4.8,45,126,82,2.733,43.06,38.89,0.0,68.29,0.0,0.00408504
Strong,strong_02_2.MOV,02,2,78,30.0,2.6,17,68,52,1.733,33.33,32.05,0.0,48.08,0.0,0.005254
Strong,strong_07_1.mp4,07,1,49,25.0,1.96,2,44,43,1.72,12.24,0.0,48.98,0.0,55.81,0.01263532
Structure,Structure_02_1.MOV,02,1,203,30.0,6.767,39,202,164,5.467,19.21,53.2,60.59,65.85,75.0,0.00961574
Structure,Structure_02_2.MOV,02,2,147,30.0,4.9,19,134,116,3.867,21.09,48.3,57.82,61.21,73.28,0.01293577
Structure,Structure_03_1.MOV,03,1,231,30.0,7.7,47,215,169,5.633,26.84,57.58,49.35,78.7,67.46,0.00653346
Structure,Structure_03_2.MOV,03,2,121,30.0,4.033,11,116,106,3.533,12.4,55.37,47.11,63.21,53.77,0.00845911
Structure,Structure_07_1.mp4,07,1,206,59.94,3.437,4,200,197,3.287,4.37,77.18,77.67,80.71,81.22,0.00768489
Student,Student_01_1.MOV,01,1,217,30.0,7.233,51,214,164,5.467,24.42,0.0,58.99,0.0,78.05,0.00516308
Student,student_01_2.MOV,01,2,136,30.0,4.533,34,125,92,3.067,32.35,0.0,36.03,0.0,53.26,0.00850606
Student,student_02_1.MOV,02,1,128,30.0,4.267,24,118,95,3.167,25.78,0.0,48.44,0.0,65.26,0.00546499
Student,student_02_2.MOV,02,2,214,30.0,7.133,22,200,179,5.967,16.36,0.0,66.82,0.0,79.89,0.00524702
Student,student_07_1.mp4,07,1,49,25.0,1.96,4,48,45,1.8,8.16,0.0,63.27,0.0,68.89,0.01727751
Subtract,Subtract_01_1.mov,01,1,105,30.0,3.5,19,79,61,2.033,41.9,29.52,0.0,50.82,0.0,0.00398335
Subtract,Subtract_01_2.mov,01,2,157,30.0,5.233,0,135,136,4.533,13.38,43.95,0.0,50.74,0.0,0.00436692
Subtract,Subtract_05_1.mov,05,1,104,30.0,3.467,31,88,58,1.933,44.23,21.15,0.0,37.93,0.0,0.00622237
Subtract,Subtract_05_2.mov,05,2,100,30.0,3.333,0,98,99,3.3,1.0,34.0,0.0,34.34,0.0,0.00507606
Subtract,Subtract_06_1.mov,06,1,85,30.0,2.833,17,71,55,1.833,35.29,24.71,0.0,38.18,0.0,0.0044484
Subtract,Subtract_06_2.mov,06,2,83,30.0,2.767,14,76,63,2.1,24.1,38.55,0.0,50.79,0.0,0.00638992
Super key,Super Key_02_1.mov,02,1,117,30.0,3.9,13,116,104,3.467,11.11,68.38,0.0,76.92,0.0,0.00764474
Super key,Super Key_02_2.mov,02,2,199,30.0,6.633,21,198,178,5.933,10.55,77.39,0.0,86.52,0.0,0.0058538
Super key,Super Key_03_1.mov,03,1,151,30.0,5.033,23,140,118,3.933,21.85,43.05,0.0,55.08,0.0,0.00440566
Super key,Super Key_03_2.mov,03,2,274,30.0,9.133,0,273,274,9.133,0.0,49.64,0.0,49.64,0.0,0.00300993
Super key,Super Key_05_1.mov,05,1,143,30.0,4.767,0,122,123,4.1,13.99,46.85,0.7,54.47,0.81,0.01049228
Super key,Super Key_05_2.mov,05,2,165,30.0,5.5,34,152,119,3.967,27.88,53.94,0.61,74.79,0.84,0.00851576
System,system_03_1.mov,03,1,110,30.0,3.667,15,89,75,2.5,31.82,44.55,47.27,65.33,69.33,0.01508093
System,system_03_2.mov,03,2,151,30.0,5.033,24,143,120,4.0,20.53,52.32,55.63,65.83,70.0,0.01200091
System,system_05_1.mov,05,1,125,30.0,4.167,48,117,70,2.333,44.0,36.0,30.4,64.29,54.29,0.00873576
System,system_05_2.mov,05,2,137,30.0,4.567,35,129,95,3.167,30.66,50.36,44.53,72.63,64.21,0.00854938
System,system_06_1.mov,06,1,111,30.0,3.7,34,100,67,2.233,39.64,33.33,35.14,55.22,58.21,0.01120082
System,system_06_2.mov,06,2,127,30.0,4.233,28,102,75,2.5,40.94,36.22,37.8,61.33,64.0,0.01108849
Table,table_01_1.MOV,01,1,195,30.0,6.5,35,170,136,4.533,30.26,30.26,58.97,43.38,74.26,0.01517592
Table,table_01_2.MOV,01,2,102,30.0,3.4,12,89,78,2.6,23.53,28.43,52.94,37.18,69.23,0.01753542
Table,Table_02_1.MOV,02,1,123,30.0,4.1,7,108,102,3.4,17.07,45.53,59.35,54.9,71.57,0.01940032
Table,table_02_2.MOV,02,2,112,30.0,3.733,0,92,93,3.1,16.96,51.79,60.71,62.37,73.12,0.020032
Table,table_07_1.mp4,07,1,212,59.94,3.537,0,196,197,3.287,7.08,70.75,84.91,76.14,91.37,0.00662138
Template,Template_01_1.MOV,01,1,82,30.0,2.733,11,79,69,2.3,15.85,40.24,32.93,47.83,39.13,0.01202833
Template,Template_01_2.MOV,01,2,139,30.0,4.633,11,137,127,4.233,8.63,51.8,38.13,56.69,41.73,0.01204178
Template,Template_02_1.MOV,02,1,145,30.0,4.833,16,124,109,3.633,24.83,53.79,51.03,71.56,67.89,0.00746019
Template,Template_02_2.MOV,02,2,62,30.0,2.067,0,42,43,1.433,30.65,45.16,45.16,65.12,65.12,0.01300059
Template,Template_07_1.mp4,07,1,66,29.97,2.202,7,65,59,1.969,10.61,60.61,66.67,67.8,74.58,0.02162813
Terminate-end,Terminate-end_01_1.mov,01,1,133,30.0,4.433,9,115,107,3.567,19.55,42.86,60.15,53.27,74.77,0.01018949
Terminate-end,Terminate-end_01_2.mov,01,2,215,30.0,7.167,30,208,179,5.967,16.74,47.91,69.3,57.54,83.24,0.00801607
Terminate-end,Terminate-end_02_1.mov,02,1,278,30.0,9.267,26,253,228,7.6,17.99,44.24,68.71,53.95,83.77,0.00355675
Terminate-end,Terminate-end_02_2.mov,02,2,213,30.0,7.1,19,163,145,4.833,31.92,38.5,50.7,56.55,74.48,0.00449431
Terminate-end,Terminate-end_05_1.mov,05,1,180,30.0,6.0,23,152,130,4.333,27.78,33.89,30.0,46.92,41.54,0.00703733
Terminate-end,Terminate-end_05_2.mov,05,2,175,30.0,5.833,26,141,116,3.867,33.71,52.0,48.57,78.45,73.28,0.00648613
Ternary,Ternary_02_1.mov,02,1,169,30.0,5.633,10,155,146,4.867,13.61,67.46,8.88,78.08,10.27,0.01103874
Ternary,Ternary_02_2.mov,02,2,322,30.0,10.733,21,298,278,9.267,13.66,75.78,13.66,87.77,15.83,0.00684928
Ternary,Ternary_03_1.mov,03,1,201,30.0,6.7,27,188,162,5.4,19.4,63.68,18.91,79.01,23.46,0.00949171
Ternary,Ternary_03_2.mov,03,2,307,30.0,10.233,44,297,254,8.467,17.26,66.45,23.45,80.31,28.35,0.00879929
Ternary,Ternary_05_1.mov,05,1,203,30.0,6.767,41,181,141,4.7,30.54,39.41,5.91,56.74,8.51,0.01315698
Ternary,Ternary_05_2.mov,05,2,227,30.0,7.567,50,208,159,5.3,29.96,43.17,14.98,61.64,21.38,0.01115699
Top,top_03_1.MOV,03,1,143,30.0,4.767,17,135,119,3.967,16.78,53.15,30.07,63.87,36.13,0.01237146
Top,top_03_2.MOV,03,2,127,30.0,4.233,21,103,83,2.767,34.65,44.09,25.98,67.47,39.76,0.0137757
Top,top_05_1.MOV,05,1,190,30.0,6.333,33,167,135,4.5,28.95,45.79,27.37,64.44,38.52,0.01123803
Top,top_05_2.MOV,05,2,149,30.0,4.967,32,126,95,3.167,36.24,27.52,22.82,43.16,35.79,0.01018236
Top,top_06_1.MOV,06,1,132,30.0,4.4,31,120,90,3.0,31.82,50.0,34.85,73.33,51.11,0.01299246
Top,top_06_2.MOV,06,2,111,30.0,3.7,26,94,69,2.3,37.84,38.74,34.23,62.32,55.07,0.01237944
Total-Summation,Total-Summation_01_1.mov,01,1,107,30.0,3.567,12,91,80,2.667,25.23,45.79,45.79,61.25,61.25,0.00916867
Total-Summation,Total-Summation_01_2.mov,01,2,188,30.0,6.267,35,161,127,4.233,32.45,46.81,46.28,69.29,68.5,0.00771645
Total-Summation,Total-Summation_05_1.mov,05,1,115,30.0,3.833,30,85,56,1.867,51.3,27.83,25.22,57.14,51.79,0.00990831
Total-Summation,Total-Summation_05_2.mov,05,2,123,30.0,4.1,33,98,66,2.2,46.34,32.52,30.89,60.61,57.58,0.00658177
Total-Summation,Total-Summation_06_1.mov,06,1,113,30.0,3.767,26,91,66,2.2,41.59,37.17,34.51,63.64,59.09,0.00904514
Total-Summation,Total-Summation_06_2.mov,06,2,119,30.0,3.967,18,98,81,2.7,31.93,49.58,47.9,72.84,70.37,0.00952005
Transaction,Transaction_01_1.mov,01,1,100,30.0,3.333,21,87,67,2.233,33.0,32.0,34.0,47.76,50.75,0.00886062
Transaction,Transaction_01_2.mov,01,2,164,30.0,5.467,0,148,149,4.967,9.15,16.46,34.15,18.12,37.58,0.00529881
Transaction,Transaction_05_1.mov,05,1,101,30.0,3.367,25,86,62,2.067,38.61,32.67,0.0,53.23,0.0,0.00652318
Transaction,Transaction_05_2.mov,05,2,111,30.0,3.7,14,98,85,2.833,23.42,45.95,0.0,60.0,0.0,0.00733958
Transaction,Transaction_06_1.mov,06,1,73,30.0,2.433,0,63,64,2.133,12.33,19.18,0.0,21.88,0.0,0.00718878
Transaction,Transaction_06_2.mov,06,2,89,30.0,2.967,17,81,65,2.167,26.97,41.57,0.0,56.92,0.0,0.00730045
Transform,Transform_01_1.mov,01,1,82,30.0,2.733,10,67,58,1.933,29.27,36.59,0.0,51.72,0.0,0.00745114
Transform,Transform_01_2.mov,01,2,196,30.0,6.533,39,184,146,4.867,25.51,46.43,0.0,62.33,0.0,0.00432018
Transform,Transform_02_1.mov,02,1,89,30.0,2.967,18,78,61,2.033,31.46,38.2,0.0,55.74,0.0,0.00585133
Transform,Transform_02_2.mov,02,2,193,30.0,6.433,33,174,142,4.733,26.42,54.92,0.0,74.65,0.0,0.00346101
Transform,Transform_07_1.mp4,07,1,54,25.0,2.16,0,50,51,2.04,5.56,0.0,64.81,0.0,68.63,0.00572135
Under-down-below,Under-down-below_01_1.mov,01,1,121,30.0,4.033,26,105,80,2.667,33.88,34.71,0.0,52.5,0.0,0.00418078
Under-down-below,Under-down-below_01_2.mov,01,2,167,30.0,5.567,0,143,144,4.8,13.77,47.31,0.0,54.86,0.0,0.00455002
Under-down-below,Under-down-below_05_1.mov,05,1,84,30.0,2.8,10,76,67,2.233,20.24,28.57,0.0,35.82,0.0,0.00850298
Under-down-below,Under-down-below_05_2.mov,05,2,106,30.0,3.533,19,97,79,2.633,25.47,49.06,0.0,65.82,0.0,0.01020951
Under-down-below,Under-down-below_06_1.mov,06,1,89,30.0,2.967,23,79,57,1.9,35.96,33.71,0.0,52.63,0.0,0.00770739
Under-down-below,Under-down-below_06_2.mov,06,2,94,30.0,3.133,18,91,74,2.467,21.28,45.74,0.0,58.11,0.0,0.00737088
Union,union_01_1.MOV,01,1,121,30.0,4.033,28,102,75,2.5,38.02,41.32,41.32,66.67,66.67,0.00983839
Union,union_01_2.MOV,01,2,210,30.0,7.0,39,183,145,4.833,30.95,55.24,53.33,80.0,77.24,0.00674878
Union,union_02_1.MOV,02,1,220,30.0,7.333,36,186,151,5.033,31.36,53.18,53.18,77.48,77.48,0.00600202
Union,union_02_2.MOV,02,2,116,30.0,3.867,26,104,79,2.633,31.9,50.86,50.0,74.68,73.42,0.01295157
Union,union_07_1.mp4,07,1,282,59.94,4.705,12,281,270,4.505,4.26,58.51,99.65,61.11,99.63,0.00669576
Unnecessary,Unnecessary_02_1.mov,02,1,90,30.0,3.0,4,87,84,2.8,6.67,66.67,0.0,71.43,0.0,0.01127932
Unnecessary,Unnecessary_02_2.mov,02,2,192,30.0,6.4,20,191,172,5.733,10.42,73.96,0.0,82.56,0.0,0.00617116
Unnecessary,Unnecessary_03_1.mov,03,1,134,30.0,4.467,24,124,101,3.367,24.63,57.46,0.0,76.24,0.0,0.00756302
Unnecessary,Unnecessary_03_2.mov,03,2,188,30.0,6.267,37,175,139,4.633,26.06,59.04,0.0,79.86,0.0,0.00529327
Unnecessary,Unnecessary_05_1.mov,05,1,134,30.0,4.467,32,104,73,2.433,45.52,37.31,0.0,68.49,0.0,0.00929457
Unnecessary,Unnecessary_05_2.mov,05,2,160,30.0,5.333,27,150,124,4.133,22.5,56.25,1.25,72.58,1.61,0.01104078
Unrelated,Unrelated_02_1.mov,02,1,111,30.0,3.7,8,106,99,3.3,10.81,65.77,15.32,73.74,17.17,0.01461035
Unrelated,Unrelated_02_2.mov,02,2,189,30.0,6.3,18,188,171,5.7,9.52,76.72,31.22,84.8,34.5,0.01006759
Unrelated,Unrelated_03_1.mov,03,1,152,30.0,5.067,33,138,106,3.533,30.26,49.34,25.66,70.75,36.79,0.00974679
Unrelated,Unrelated_03_2.mov,03,2,260,30.0,8.667,43,252,210,7.0,19.23,67.31,35.77,83.33,44.29,0.00722792
Unrelated,Unrelated_05_1.mov,05,1,157,30.0,5.233,36,129,94,3.133,40.13,28.66,9.55,47.87,15.96,0.01241807
Unrelated,Unrelated_05_2.mov,05,2,159,30.0,5.3,31,141,111,3.7,30.19,34.59,17.61,49.55,25.23,0.01213611
Up-above,Up-above_01_1.mov,01,1,112,30.0,3.733,31,108,78,2.6,30.36,33.93,0.0,48.72,0.0,0.00576736
Up-above,Up-above_01_2.mov,01,2,126,30.0,4.2,30,123,94,3.133,25.4,54.76,0.0,73.4,0.0,0.00622657
Up-above,Up-above_05_1.mov,05,1,94,30.0,3.133,17,77,61,2.033,35.11,24.47,0.0,37.7,0.0,0.00900187
Up-above,Up-above_05_2.mov,05,2,102,30.0,3.4,15,92,78,2.6,23.53,42.16,0.0,55.13,0.0,0.00941348
Up-above,Up-above_06_1.mov,06,1,87,30.0,2.9,20,77,58,1.933,33.33,33.33,0.0,50.0,0.0,0.00857864
Up-above,Up-above_06_2.mov,06,2,104,30.0,3.467,23,92,70,2.333,32.69,37.5,0.0,55.71,0.0,0.00697982
Update,Update_01_1.mov,01,1,130,30.0,4.333,30,129,100,3.333,23.08,37.69,57.69,49.0,75.0,0.0072394
Update,Update_01_2.mov,01,2,250,30.0,8.333,35,228,194,6.467,22.4,46.4,58.8,59.79,75.77,0.00464291
Update,Update_02_1.mov,02,1,123,30.0,4.1,8,122,115,3.833,6.5,60.98,78.05,64.35,83.48,0.00898825
Update,Update_02_2.mov,02,2,205,30.0,6.833,21,198,178,5.933,13.17,52.68,75.61,60.67,87.08,0.00552132
Update,Update_07_1.mp4,07,1,218,59.94,3.637,0,207,208,3.47,4.59,62.39,61.93,65.38,64.9,0.00664616
User,user_03_1.MOV,03,1,162,30.0,5.4,17,155,139,4.633,14.2,56.79,71.6,66.19,83.45,0.01183908
User,user_03_2.MOV,03,2,118,30.0,3.933,26,109,84,2.8,28.81,38.14,50.85,53.57,71.43,0.01013258
User,user_05_1.MOV,05,1,138,30.0,4.6,36,128,93,3.1,32.61,44.2,39.13,65.59,58.06,0.00921187
User,user_05_2.MOV,05,2,118,30.0,3.933,28,99,72,2.4,38.98,35.59,28.81,58.33,47.22,0.0090213
User,user_06_1.MOV,06,1,115,30.0,3.833,23,85,63,2.1,45.22,33.04,32.17,60.32,58.73,0.00893284
User,user_06_2.MOV,06,2,85,30.0,2.833,25,77,53,1.767,37.65,35.29,31.76,56.6,50.94,0.01073092
Value-arithmetic,Value-arithmetic_01_1.mov,01,1,130,30.0,4.333,18,129,112,3.733,13.85,65.38,0.0,75.89,0.0,0.00513264
Value-arithmetic,Value-arithmetic_01_2.mov,01,2,134,30.0,4.467,15,108,94,3.133,29.85,52.24,0.0,74.47,0.0,0.00431464
Value-arithmetic,Value-arithmetic_02_1.mov,02,1,216,30.0,7.2,24,166,143,4.767,33.8,51.85,0.0,78.32,0.0,0.00313216
Value-arithmetic,Value-arithmetic_02_2.mov,02,2,214,30.0,7.133,0,171,172,5.733,19.63,39.72,0.0,49.42,0.0,0.00279596
Value-arithmetic,Value-arithmetic_03_1.mov,03,1,167,30.0,5.567,0,155,156,5.2,6.59,58.68,0.0,62.82,0.0,0.00449599
Value-arithmetic,Value-arithmetic_03_2.mov,03,2,132,30.0,4.4,0,128,129,4.3,2.27,62.12,0.0,63.57,0.0,0.00542182
Value-arithmetic,Value-arithmetic_05_1.mov,05,1,154,30.0,5.133,45,147,103,3.433,33.12,48.7,0.0,72.82,0.0,0.00650655
Value-arithmetic,Value-arithmetic_05_2.mov,05,2,126,30.0,4.2,21,113,93,3.1,26.19,40.48,0.0,54.84,0.0,0.00755219
Value-arithmetic,Value-arithmetic_05_3.mov,05,3,177,30.0,5.9,0,151,152,5.067,14.12,42.37,0.56,49.34,0.66,0.00464461
Value-arithmetic,Value-arithmetic_05_4.mov,05,4,139,30.0,4.633,24,106,83,2.767,40.29,41.01,1.44,68.67,2.41,0.00618001
Value-arithmetic,Value-arithmetic_06_1.mov,06,1,112,30.0,3.733,7,93,87,2.9,22.32,54.46,0.0,70.11,0.0,0.00637827
Value-arithmetic,Value-arithmetic_06_2.mov,06,2,100,30.0,3.333,7,70,64,2.133,36.0,38.0,0.0,59.38,0.0,0.00756851
Variable,Variable_02_1.mov,02,1,245,30.0,8.167,36,237,202,6.733,17.55,37.96,0.0,46.04,0.0,0.00315776
Variable,Variable_02_2.mov,02,2,165,30.0,5.5,25,153,129,4.3,21.82,47.27,0.0,58.14,0.0,0.00304665
Variable,Variable_03_1.mov,03,1,118,30.0,3.933,7,85,79,2.633,33.05,40.68,0.0,60.76,0.0,0.00495232
Variable,Variable_03_2.mov,03,2,164,30.0,5.467,29,146,118,3.933,28.05,53.05,0.0,73.73,0.0,0.00456789
Variable,Variable_06_1.mov,06,1,90,30.0,3.0,27,87,61,2.033,32.22,36.67,0.0,54.1,0.0,0.00608266
Variable,Variable_06_2.mov,06,2,101,30.0,3.367,0,94,95,3.167,5.94,36.63,0.0,38.95,0.0,0.00509463
Very,Very_01_1.mov,01,1,93,30.0,3.1,19,78,60,2.0,35.48,17.2,22.58,26.67,35.0,0.00616696
Very,Very_01_2.mov,01,2,180,30.0,6.0,14,145,132,4.4,26.67,36.11,23.89,49.24,32.58,0.00397065
Very,Very_05_1.mov,05,1,108,30.0,3.6,30,98,69,2.3,36.11,36.11,35.19,56.52,55.07,0.00860128
Very,Very_05_2.mov,05,2,103,30.0,3.433,21,99,79,2.633,23.3,42.72,40.78,55.7,53.16,0.00881921
Very,Very_06_1.mov,06,1,84,30.0,2.8,17,77,61,2.033,27.38,28.57,30.95,39.34,42.62,0.00942335
Very,Very_06_2.mov,06,2,99,30.0,3.3,21,95,75,2.5,24.24,35.35,32.32,46.67,42.67,0.00684493
With-within,With-within_01_1.mov,01,1,107,30.0,3.567,32,106,75,2.5,29.91,14.02,21.5,20.0,30.67,0.0093249
With-within,With-within_01_2.mov,01,2,162,30.0,5.4,17,145,129,4.3,20.37,26.54,18.52,33.33,23.26,0.00669553
With-within,With-within_05_1.mov,05,1,82,30.0,2.733,11,74,64,2.133,21.95,48.78,45.12,62.5,57.81,0.01062616
With-within,With-within_05_2.mov,05,2,102,30.0,3.4,20,98,79,2.633,22.55,46.08,43.14,59.49,55.7,0.00775646
With-within,With-within_06_1.mov,06,1,81,30.0,2.7,23,76,54,1.8,33.33,34.57,33.33,51.85,50.0,0.01186925
With-within,With-within_06_2.mov,06,2,86,30.0,2.867,13,79,67,2.233,22.09,32.56,29.07,41.79,37.31,0.00827829
Zero,Zero_01_1.mov,01,1,159,30.0,5.3,30,149,120,4.0,24.53,47.17,0.0,62.5,0.0,0.00303568
Zero,Zero_01_2.mov,01,2,110,30.0,3.667,0,92,93,3.1,15.45,24.55,0.0,29.03,0.0,0.00538551
Zero,Zero_01_3.mov,01,3,95,30.0,3.167,14,72,59,1.967,37.89,31.58,0.0,50.85,0.0,0.00498767
Zero,Zero_05_1.mov,05,1,100,30.0,3.333,26,89,64,2.133,36.0,36.0,0.0,56.25,0.0,0.00504432
Zero,Zero_06_1.mov,06,1,64,30.0,2.133,13,62,50,1.667,21.88,29.69,0.0,38.0,0.0,0.00753892
Zero,Zero_06_2.mov,06,2,79,30.0,2.633,14,78,65,2.167,17.72,48.1,0.0,58.46,0.0,0.00651766
