label,video_count,status,missing_slots,duplicate_slots,invalid_names,label_mismatches,nested_folders,non_video_files,problems
&,6,ok,,,,,,,
++,6,review,01_1; 01_2; 05_1; 05_2,,++_03_1.mov; ++_03_2.mov; ++_06_1.mov; ++_06_2.mov,,,,invalid names: 4
- -,6,review,01_1; 01_2; 05_1; 05_2,,--_03_1.mov; --_03_2.mov; --_06_1.mov; --_06_2.mov,--_02_1.mov; --_02_2.mov,,,invalid names: 4; label mismatches: 2
_p,6,review,01_1; 01_2,,_p_03_1.mov; _p_03_2.mov,,,,invalid names: 2
Access,6,review,01_1; 01_2; 02_1; 05_1; 05_2,,Access_02_!.mov; Access_03_!.mov; Access_03_2.mov; Access_06_!.mov; Access_06_2.mov,,,,invalid names: 5
Act,5,review,05_1; 05_2,,Act_07_1.mp4,,,,invalid names: 1
Add,6,review,01_1; 01_2; 02_1; 02_2,,Add_03_1.mov; Add_03_2.mov; Add_06_1.mov; Add_06_2.mov,,,,invalid names: 4
Address,6,review,01_1; 01_2; 05_1; 05_2,,Address_03_1.mov; Address_03_2.mov; Address_06_1.mov; Address_06_2.mov,,,,invalid names: 4
After,6,review,02_1; 02_2,,After_06_1.mov; After_06_2.mov,,,,invalid names: 2
Apply,6,review,01_1; 01_2; 02_1; 02_2,,apply_03_1.MOV; apply_03_2.MOV; apply_06_1.MOV; apply_06_2.MOV,,,,invalid names: 4
Array,6,review,01_1; 01_2; 02_1; 02_2,,Array_03_1.mov; Array_03_2.mov; Array_06_1.mov; Array_06_2.mov,,,,invalid names: 4
Arrow,6,review,01_1; 01_2; 05_1; 05_2,,Arrow_03_1.mov; Arrow_03_2.mov; Arrow_06_1.mov; Arrow_06_2.mov,,,,invalid names: 4
Average,6,review,02_1; 02_2,,Average_06_1.mov; Average_06_2.mov,,,,invalid names: 2
Before,6,review,02_1; 02_2,,Before_06_1.mov; Before_06_2.mov,,,,invalid names: 2
Big,6,review,02_1; 02_2,,Big_06_1.mov; Big_06_2.mov,,,,invalid names: 2
Binary relationship,6,review,01_1; 01_2,,Binary relationship_03_1.mov; Binary relationship_03_2.mov,,,,invalid names: 2
Book,6,review,01_1; 01_2; 02_1; 02_2,,book_03_1.MOV; book_03_2.MOV; book_06_1.MOV; book_06_2.MOV,,,,invalid names: 4
Bool,6,review,02_1; 02_2,,Bool_06_1.mov; Bool_06_2.mov,,,,invalid names: 2
Box,6,review,01_1; 01_2; 02_1; 02_2; 05_2,,IMG_9097.MOV; IMG_9101.MOV; IMG_9102.MOV; IMG_9156.MOV; IMG_9157.MOV,,,,invalid names: 5
C++,6,ok,,,,,,,
Call,6,review,01_1; 01_2,,Call_03_1.mov; Call_03_2.mov,,,,invalid names: 2
Char,6,review,01_1; 01_2; 05_1; 05_2,,Char_03_1.mov; Char_03_2.mov; Char_06_1.mov; Char_06_2.mov,,,,invalid names: 4
Check,6,review,02_1; 02_2,,Check_06_1.mov; Check_06_2.mov,,,,invalid names: 2
Class,6,review,01_1; 01_2,,Class_03_1.mov; Class_03_2.mov,,,,invalid names: 2
Code,6,review,02_1; 02_2,,Code_06_1.mov; Code_06_2.mov,,,,invalid names: 2
Coin,6,review,01_1; 01_2; 02_1; 02_2,,coin_03_1.MOV; coin_03_2.MOV; coin_06_1.MOV; coin_06_2.MOV,,,,invalid names: 4
Colon,6,review,02_1; 02_2,,Colon_06_1.mov; Colon_06_2.mov,,,,invalid names: 2
Column,5,review,05_1; 05_2,,column_07_1.mp4,Collumn_02_1.mov,,,invalid names: 1; label mismatches: 1
Comment,6,review,02_1; 02_2,,Comment_06_1.mov; Comment_06_2.mov,,,,invalid names: 2
Compare,6,review,01_1; 01_2; 05_1; 05_2,,Compare_03_1.mov; Compare_03_2.mov; Compare_06_1.mov; Compare_06_2.mov,,,,invalid names: 4
Compiler,6,review,01_1; 01_2,,Compiler_03_1.mov; Compiler_03_2.mov,,,,invalid names: 2
Complex- composite,5,review,05_1; 05_2,,Complex_ composite_07_1.mp4,Complex_ composite_01_1.MOV; Complex_ composite_01_2.MOV; Complex_ composite_02_1.MOV; Complex_ composite_02_2.MOV,,,invalid names: 1; label mismatches: 4
Constant,6,ok,,,,,,,
Content,6,review,01_1; 01_2; 02_1; 02_2,,content_03_1.mov; content_03_2.mov; content_06_1.mov; content_06_2.mov,,,,invalid names: 4
Copy,6,review,01_1; 01_2; 02_1; 02_2,,copy_03_1.MOV; copy_03_2.MOV; copy_06_1.MOV; copy_06_2.MOV,,,,invalid names: 4
Cout-print-output,6,review,,,,cout_print_output_01_1.mov; cout_print_output_01_2.mov; cout_print_output_02_1.mov; cout_print_output_02_2.mov; cout_print_output_05_1.mov; cout_print_output_05_2.mov,,,label mismatches: 6
Create,6,review,02_1; 02_2,,Create_06_1.mov; Create_06_2.mov,,,,invalid names: 2
Customer,6,review,01_1; 01_2,,Customer_03_1.MOV; Customer_03_2.MOV,,,,invalid names: 2
Data,6,ok,,,,,,,
Database,5,review,05_1; 05_2,,database_07_1.mp4,,,,invalid names: 1
Datatype,6,ok,,,,,,,
Date,5,review,05_1; 05_2,,date_07_1.mp4,,,,invalid names: 1
Declare,6,review,01_1; 01_2; 05_1; 05_2,,Declare_03_1.mov; Declare_03_2.mov; Declare_06_1.mov; Declare_06_2.mov,,,,invalid names: 4
Definition,6,review,02_1; 02_2,,Definition_06_1.mov; Definition_06_2.mov,,,,invalid names: 2
Delete-remove-pop,6,review,,,,delete_remove_pop_01_1.mov; delete_remove_pop_01_2.mov; delete_remove_pop_02_1.mov; delete_remove_pop_02_2.mov; delete_remove_pop_05_1.mov; delete_remove_pop_05_2.mov,,,label mismatches: 6
Depend,6,review,01_1; 01_2,,Depend_03_1.MOV; Depend_03_2.MOV,,,,invalid names: 2
Derived,5,review,01_1; 01_2; 02_1; 02_2; 05_1; 05_2,,Derived _07_1.mp4; IMG_0739.MOV; IMG_0740.MOV; IMG_0741.MOV; IMG_0742.MOV,,,,invalid names: 5
Description,6,review,01_1; 01_2,,Description_03_1.MOV; Description_03_2.MOV,,,,invalid names: 2
Destroy,6,ok,,,,,,,
Diamond,5,review,05_1; 05_2,,diamond_07_1.mp4,,,,invalid names: 1
Disjoint,5,review,05_1; 05_2,,disjoint_07_1.mp4,,,,invalid names: 1
Domain,5,review,05_1; 05_2,,domain_07_1.mp4,,,,invalid names: 1
dot operater,6,review,01_1; 01_2; 05_1; 05_2,,dot operater_03_1.mov; dot operater_03_2.mov; dot operater_06_1.mov; dot operater_06_2.mov,,,,invalid names: 4
Double,6,review,01_1; 01_2; 05_1; 05_2,,Double_03_1.mov; Double_03_3.mov; Double_06_1.mov; Double_06_2.mov,,,,invalid names: 4
element,6,review,01_1; 01_2; 02_1; 02_2,,element_03_1.MOV; element_03_2.MOV; element_06_1.MOV; element_06_2.MOV,,,,invalid names: 4
Else,6,review,02_1; 02_2,,Else_06_1.MOV; Else_06_2.MOV,,,,invalid names: 2
End,6,review,02_1; 02_2,,End_06_1.MOV; End_06_2.MOV,,,,invalid names: 2
Equal_equlaity,6,ok,,,,,,,
Error,6,ok,,,,,,,
Example,6,ok,,,,,,,
Exercise,6,review,01_1; 01_2; 05_1; 05_2,,Exercise_03_1.MOV; Exercise_03_2.MOV; Exercise_06_1.MOV; Exercise_06_2.MOV,,,,invalid names: 4
Exist,6,review,02_1; 02_2,,Exist_06_1.MOV; Exist_06_2.MOV,,,,invalid names: 2
Figure,6,review,02_1; 02_2,,Figure_06_1.mov; Figure_06_2.mov,,,,invalid names: 2
First out,12,review,01_1; 01_2,,First out_02_1(1).MOV; First out_02_2(1).MOV; First out_03_1(1).MOV; First out_03_1.MOV; First out_03_2(1).MOV; First out_03_2.MOV; First out_06_1.MOV; First out_06_2.MOV,,,,unexpected video count: 12; invalid names: 8
Foreign key,5,review,05_1; 05_2,,Foreign key_07_1.mp4,,,,invalid names: 1
Front,6,review,02_1; 02_2,,Front _06_1.MOV; Front _06_2.MOV,,,,invalid names: 2
Full,6,review,02_1; 02_2,,Full_06_1.MOV; Full_06_2.MOV,,,,invalid names: 2
Function,5,review,05_1; 05_2,,function_07_1.mp4,,,,invalid names: 1
Graphics,6,review,01_1; 01_2,,Graphics_03_1.MOV; Graphics_03_2.MOV,,,,invalid names: 2
Hashtag,6,review,02_1; 02_2,,Hashtag_06_1.MOV; Hashtag_06_2.MOV,,,,invalid names: 2
Higher,6,review,02_1; 02_2; 05_1; 05_2,,Higher_03_1.MOV; Higher_03_2.MOV; Higher_06_1.MOV; Higher_06_2.MOV,,,,invalid names: 4
Hold,6,review,02_1; 02_2,,Hold_06_1.MOV; Hold_06_2.MOV,,,,invalid names: 2
Id- identifier,6,review,01_1; 01_2,,Id_ identifier_03_1.MOV; Id_ identifier_03_2.MOV,Id_ identifier_02_1.MOV; Id_ identifier_02_2.MOV; Id_ identifier_05_1.MOV; Id_ identifier_05_2.MOV,,,invalid names: 2; label mismatches: 4
If,6,review,02_1; 02_2,,If_06_1.MOV; If_06_2.MOV,,,,invalid names: 2
Inaccessible,6,review,01_1; 01_2,,Inaccessible _03_2.MOV; Inaccessible_03_1.MOV,,,,invalid names: 2
Include,6,review,01_1; 01_2; 02_1; 02_2,,include_03_1.MOV; include_03_2.MOV; include_06_1.MOV; include_06_2.MOV,,,,invalid names: 4
Index,6,review,01_1; 01_2; 02_1; 02_2,,IMG_0044.MOV; IMG_0045.MOV; Index_06_1.MOV; Index_06_2.MOV,,,,invalid names: 4
Information,5,review,05_1; 05_2,,information_07_1.mp4,,,,invalid names: 1
Initialize,6,review,01_1; 01_2,,Initialize_03_1.MOV; Initialize_03_2.MOV,,,,invalid names: 2
Input-enter,6,review,01_1; 01_2,,Input_enter_08_1.MOV; Input_enter_08_2.MOV,Input_enter_02_1.MOV; Input_enter_02_2.MOV; Input_enter_05_1.MOV; Input_enter_05_2.MOV,,,invalid names: 2; label mismatches: 4
int,6,review,01_1; 01_2; 05_1; 05_2,,int_03_1.MOV; int_03_2.MOV; int_06_1.MOV; int_06_2.MOV,,,,invalid names: 4
Last in,6,review,01_1; 01_2; 05_1; 05_2,,Last in_03_1.MOV; Last in_03_2.MOV; Last in_06_1.MOV; Last in_06_2.MOV,,,,invalid names: 4
Library,6,review,02_1; 02_2,,Library_06_1.MOV; Library_06_2.MOV,,,,invalid names: 2
Line,6,review,01_1; 01_2; 02_1; 02_2; 05_1; 05_2,,Line_03_1(1).MOV; Line_03_1.MOV; Line_03_2(1).MOV; Line_03_2.MOV; Line_06_1.MOV; Line_06_2.MOV,,,,invalid names: 6
List,6,review,01_1; 01_2; 02_1; 02_2,,list_03_1.MOV; list_03_2.MOV; list_06_1.MOV; list_06_2.MOV,,,,invalid names: 4
Logical,5,review,05_1; 05_2,,logical_07_1.mp4,,,,invalid names: 1
Loop,6,review,02_1; 02_2,,Loop_06_1.mov; Loop_06_2.mov,,,,invalid names: 2
Many to many,6,review,01_1; 01_2,,Many to many_03_1.MOV; Many to many_03_2.MOV,,,,invalid names: 2
Many to one,6,review,01_1; 01_2,,Many to one_03_1.MOV; Many to one_03_2.MOV,,,,invalid names: 2
Max,6,review,02_1; 02_2,,Max_06_1.mov; Max_06_2.mov,,,,invalid names: 2
Memory,6,ok,,,,,,,
Memory leak,6,review,01_1; 01_2; 05_1; 05_2,,Memory leak_03_1.MOV; Memory leak_03_2.MOV; Memory leak_06_1.MOV; Memory leak_06_2.MOV,,,,invalid names: 4
Message,6,review,01_1; 01_2; 02_1; 02_2,,Message_03_1.mov; Message_03_2.mov; Message_06_1.mov; Message_06_2.mov,,,,invalid names: 4
Min,6,review,02_1; 02_2,,Min_06_1.MOV; Min_06_2.MOV,,,,invalid names: 2
Multiple,6,review,01_1; 01_2,,multiple_03_1.MOV; multiple_03_2.MOV,,,,invalid names: 2
Name,5,review,05_1; 05_2,,name_07_1.mp4,,,,invalid names: 1
New,6,ok,,,,,,,
Next,6,review,02_1; 02_2,,Next_06_1.MOV; Next_06_2.MOV,,,,invalid names: 2
Non binary relationship,6,review,01_1; 01_2,,Non binary relationship_03_1.MOV; Non binary relationship_03_2.MOV,,,,invalid names: 2
Null,6,ok,,,,,,,
Object,6,review,02_1; 02_2,,Object_06_1.MOV; Object_06_2.MOV,,,,invalid names: 2
One to many,6,review,01_1; 01_2,,One to many_03_1.MOV; One to many_03_2.MOV,,,,invalid names: 2
One to one,6,review,01_1; 01_2,,One to one_03_1.MOV; One to one_03_2.MOV,,,,invalid names: 2
Operation,6,review,01_1; 01_2,,Operation _03_1.MOV; Operation_03_2.MOV,,,,invalid names: 2
Order,6,review,02_1; 02_2,,Order_06_1.mov; Order_06_2.mov,,,,invalid names: 2
Page,6,review,02_1; 02_2,,Page_06_1.mov; Page_06_2.mov,,,,invalid names: 2
Pointer,6,review,02_1; 02_2,,Pointer_06_1.mov; Pointer_06_2.mov,,,,invalid names: 2
Primary key,6,review,01_1; 01_2,,Primary key_03_1.MOV; Primary key_03_2.MOV,,,,invalid names: 2
Priority,6,review,02_1; 02_2,,Priority_06_1.mov; Priority_06_2.mov,,,,invalid names: 2
Private,6,review,01_1; 01_2; 02_1; 02_2,,private_03_1.MOV; private_03_2.MOV; private_06_1.MOV; private_06_2.MOV,,,,invalid names: 4
Procedure,5,review,05_1; 05_2,,procedure_07_1.mp4,,,,invalid names: 1
Produce,5,review,05_1; 05_2,,produce_07_1.mp4,prodeuce_01_2.MOV; prodeuce_02_2.MOV,,,invalid names: 1; label mismatches: 2
Program,6,ok,,,,,,,
Prompt,6,review,01_1; 01_2,,Prompt_03_1.mov; Prompt_03_2.mov,,,,invalid names: 2
Public,6,review,01_1; 01_2; 02_1; 02_2,,public_03_1.MOV; public_05_2(1).MOV; public_06_1.MOV; public_06_2.MOV,,,,invalid names: 4
Queue,6,review,02_1; 02_2,,Queue_06_1.mov; Queue_06_2.mov,,,,invalid names: 2
Rear,6,review,02_1; 02_2,,Rear_06_1.mov; Rear_06_2.mov,,,,invalid names: 2
Rectangle,5,review,05_1; 05_2,,rectangle_07_1.mp4,,,,invalid names: 1
Relation,6,review,01_1; 01_2,,Relation _03_1.MOV; Relation _03_2.MOV,,,,invalid names: 2
Represent,5,review,05_1; 05_2,,Represent_07_1.mp4,Represnt_01_2.MOV,,,invalid names: 1; label mismatches: 1
Reserved,6,review,01_1; 01_2; 05_1; 05_2,,Reserved_03_1.mov; Reserved_03_2.mov; Reserved_06_1.mov; Reserved_06_2.mov,,,,invalid names: 4
Row,5,review,05_1; 05_2,,row_07_1.mp4,,,,invalid names: 1
Rules,6,review,01_1; 01_2; 05_1; 05_2,,Rules_03_1.mov; Rules_03_2.mov; Rules_06_1.mov; Rules_06_2.mov,,,,invalid names: 4
Run,6,review,01_1; 01_2,,Run_03_1.mov; Run_03_2.mov,,,,invalid names: 2
Run time error,6,review,01_1; 01_2; 02_2,,Run time error_02_1(1).mov; Run time error_03_1.mov; Run time error_03_2.mov,,,,invalid names: 3
Semicolon,6,review,02_1; 02_2,,Semicolon_06_1.mov; Semicolon_06_2.mov,,,,invalid names: 2
Sequence,6,review,02_1; 02_2; 05_2,,Sequence_05_1(1).mov; Sequence_06_1.mov; Sequence_06_2.mov,,,,invalid names: 3
Server,5,review,05_1; 05_2,,Server_07_1.mp4,,,,invalid names: 1
Simple_Basic,5,review,05_1; 05_2,,Simple_Basic_07_1.mp4,,,,invalid names: 1
Size,6,review,01_1; 01_2; 02_1; 02_2,,size_03_1.MOV; size_03_2.MOV; size_06_1.MOV; size_06_2.MOV,,,,invalid names: 4
Small,6,review,02_1; 02_2,,Small_06_1.mov; Small_06_2.mov,,,,invalid names: 2
Source,6,review,01_1; 01_2,,Source_03_1.mov; Source_03_2.mov,,,,invalid names: 2
Spceify,6,review,01_1; 01_2; 02_1; 02_2,,specify_03_1.MOV; specify_03_2.MOV; specify_06_1.MOV; specify_06_2.MOV,specify_05_1.MOV; specify_05_2.MOV,,,invalid names: 4; label mismatches: 2
Stack,5,review,05_1; 05_2,,Stack_07_1.mp4,,,,invalid names: 1
Start,6,review,02_1; 02_2,,Start_06_1.mov; Start_06_2.mov,,,,invalid names: 2
Step,6,review,02_1; 02_2,,Step_06_1.mov; Step_06_2.mov,,,,invalid names: 2
store,6,ok,,,,,,,
Straightforward- clear,5,review,05_1; 05_2,,Straightforward_clear_07_1.mp4,Straightforward_clear_01_1.mov; Straightforward_clear_01_2.mov; Straightforward_clear_02_1.mov; Straightforward_clear_02_2.mov,,,invalid names: 1; label mismatches: 4
String,6,review,02_1; 02_2,,String_06_1.mov; String_06_2.mov,,,,invalid names: 2
Strong,5,review,05_1; 05_2,,strong_07_1.mp4,,,,invalid names: 1
Structure,5,review,01_1; 01_2; 05_1; 05_2,,Structure_03_1.MOV; Structure_03_2.MOV; Structure_07_1.mp4,,,,invalid names: 3
Student,5,review,05_1; 05_2,,student_07_1.mp4,stident_01_1.MOV,,,invalid names: 1; label mismatches: 1
Subtract,6,review,02_1; 02_2,,Subtract_06_1.mov; Subtract_06_2.mov,,,,invalid names: 2
Super key,6,review,01_1; 01_2,,Super Key_03_1.mov; Super Key_03_2.mov,,,,invalid names: 2
System,6,review,01_1; 01_2; 02_1; 02_2,,system_03_1.mov; system_03_2.mov; system_06_1.mov; system_06_2.mov,,,,invalid names: 4
Table,5,review,02_1; 05_1; 05_2,,table_02_1_.MOV; table_07_1.mp4,,,,invalid names: 2
Template,5,review,05_1; 05_2,,Template_07_1.mp4,,,,invalid names: 1
Terminate-end,6,review,,,,Terminate_end_01_1.mov; Terminate_end_01_2.mov; Terminate_end_02_1.mov; Terminate_end_02_2.mov; Terminate_end_05_1.mov; Terminate_end_05_2.mov,,,label mismatches: 6
Ternary,6,review,01_1; 01_2,,Ternary_03_1.mov; Ternary_03_2.mov,,,,invalid names: 2
Top,6,review,01_1; 01_2; 02_1; 02_2,,top_03_1.MOV; top_03_2.MOV; top_06_1.MOV; top_06_2.MOV,,,,invalid names: 4
Total-Summation,6,review,02_1; 02_2,,Total_Summation_06_1.mov; Total_Summation_06_2.mov,Total_Summation_01_1.mov; Total_Summation_01_2.mov; Total_Summation_05_1.mov; Total_Summation_05_2.mov,,,invalid names: 2; label mismatches: 4
Transaction,6,review,02_1; 02_2,,Transaction_06_1.mov; Transaction_06_2.mov,,,,invalid names: 2
Transform,5,review,05_1; 05_2,,Transform_07_1.mp4,,,,invalid names: 1
Under-down-below,6,review,02_1; 02_2,,Under_down_below_06_1.mov; Under_down_below_06_2.mov,Under_down_below_01_1.mov; Under_down_below_01_2.mov; Under_down_below_05_1.mov; Under_down_below_05_2.mov,,,invalid names: 2; label mismatches: 4
Union,5,review,05_1; 05_2,,union_07_1.mp4,,,,invalid names: 1
Unnecessary,6,review,01_1; 01_2,,Unnecessary_03_1.mov; Unnecessary_03_2.mov,,,,invalid names: 2
Unrelated,6,review,01_1; 01_2,,Unrelated_03_1.mov; Unrelated_03_2.mov,,,,invalid names: 2
Up-above,6,review,02_1; 02_2,,Up_above_06_1.mov; Up_above_06_2.mov,Up_above_01_1.mov; Up_above_01_2.mov; Up_above_05_1.mov; Up_above_05_2.mov,,,invalid names: 2; label mismatches: 4
Update,5,review,05_1; 05_2,,Update_07_1.mp4,,,,invalid names: 1
User,6,review,01_1; 01_2; 02_1; 02_2,,user_03_1.MOV; user_03_2.MOV; user_06_1.MOV; user_06_2.MOV,,,,invalid names: 4
Vaiable,6,review,01_1; 01_2; 05_1; 05_2,,Vaiable_03_1.mov; Vaiable_03_2.mov; Vaiable_06_1.mov; Vaiable_06_2.mov,,,,invalid names: 4
Value-arthemtic,12,review,,,value_arthemtic_03_1.mov; value_arthemtic_03_2.mov; value_arthemtic_05_3.mov; value_arthemtic_05_4.mov; value_arthemtic_06_1.mov; value_arthemtic_06_2.mov,value_arthemtic_01_1.mov; value_arthemtic_01_2.mov; value_arthemtic_02_1.mov; value_arthemtic_02_2.mov; value_arthemtic_05_1.mov; value_arthemtic_05_2.mov,,,unexpected video count: 12; invalid names: 6; label mismatches: 6
Very,6,review,02_1; 02_2,,Very_06_1.mov; Very_06_2.mov,,,,invalid names: 2
With-within,6,review,02_1; 02_2,,With_Within_06_1.mov; With_Within_06_2.mov,With_Within_01_1.mov; With_Within_01_2.mov; With_Within_05_1.mov; With_Within_05_2.mov,,,invalid names: 2; label mismatches: 4
Zero,6,review,02_1; 02_2; 05_2,,Zero_01_3.mov; Zero_06_1.mov; Zero_06_2.mov,,,,invalid names: 3
