label,video,signer_id,repetition_id,frames,fps,duration_seconds,feature_shape,face_rate,pose_rate,left_hand_rate,right_hand_rate,processing_seconds,status,error
&,&_01_1.mov,01,1,175,30.0,5.83,"(175, 1629)",100.0,100.0,55.43,0.0,9.93,success,
&,&_01_2.mov,01,2,160,30.0,5.33,"(160, 1629)",100.0,100.0,41.88,0.0,10.65,success,
&,&_02_1.mov,02,1,223,30.0,7.43,"(223, 1629)",100.0,100.0,42.6,0.0,13.6,success,
&,&_02_2.mov,02,2,166,30.0,5.53,"(166, 1629)",100.0,100.0,35.54,0.0,12.72,success,
&,&_05_1.mov,05,1,142,30.0,4.73,"(142, 1629)",100.0,100.0,46.48,0.7,8.79,success,
&,&_05_2.mov,05,2,141,30.0,4.7,"(141, 1629)",100.0,100.0,44.68,0.0,5.63,success,
++,++_02_1.mov,02,1,79,30.0,2.63,"(79, 1629)",100.0,100.0,32.91,35.44,2.83,success,
++,++_02_2.mov,02,2,124,30.0,4.13,"(124, 1629)",100.0,100.0,53.23,53.23,4.37,success,
++,++_03_1.mov,03,1,107,30.0,3.57,"(107, 1629)",100.0,100.0,38.32,36.45,9.4,success,
++,++_03_2.mov,03,2,153,30.0,5.1,"(153, 1629)",100.0,100.0,50.98,48.37,9.56,success,
++,++_06_1.mov,06,1,97,30.0,3.23,"(97, 1629)",100.0,100.0,30.93,29.9,6.01,success,
++,++_06_2.mov,06,2,106,30.0,3.53,"(106, 1629)",100.0,100.0,44.34,44.34,3.8,success,
- -,- -_02_1.mov,02,1,82,30.0,2.73,"(82, 1629)",100.0,100.0,37.8,0.0,2.91,success,
- -,- -_02_2.mov,02,2,139,30.0,4.63,"(139, 1629)",100.0,100.0,53.24,0.0,4.86,success,
- -,- -_03_1.mov,03,1,118,30.0,3.93,"(118, 1629)",100.0,100.0,46.61,0.0,8.72,success,
- -,- -_03_2.mov,03,2,137,30.0,4.57,"(137, 1629)",100.0,100.0,51.09,0.0,4.94,success,
- -,- -_06_1.mov,06,1,94,30.0,3.13,"(94, 1629)",100.0,100.0,34.04,0.0,5.99,success,
- -,- -_06_2.mov,06,2,114,30.0,3.8,"(114, 1629)",100.0,100.0,45.61,0.0,7.21,success,
_p,_p_02_1.mov,02,1,145,30.0,4.83,"(145, 1629)",100.0,100.0,55.17,0.69,9.08,success,
_p,_p_02_2.mov,02,2,160,30.0,5.33,"(160, 1629)",100.0,100.0,51.88,1.88,10.06,success,
_p,_p_03_1.mov,03,1,151,30.0,5.03,"(151, 1629)",100.0,100.0,43.71,0.0,5.34,success,
_p,_p_03_2.mov,03,2,229,30.0,7.63,"(229, 1629)",100.0,100.0,57.21,0.0,10.3,success,
_p,_p_05_1.mov,05,1,132,30.0,4.4,"(132, 1629)",100.0,100.0,35.61,1.52,4.69,success,
_p,_p_05_2.mov,05,2,142,30.0,4.73,"(142, 1629)",100.0,100.0,50.0,0.0,5.18,success,
Access,Access_02_1.mov,02,1,105,30.0,3.5,"(105, 1629)",100.0,100.0,33.33,56.19,6.44,success,
Access,Access_02_2.mov,02,2,214,30.0,7.13,"(214, 1629)",100.0,100.0,32.71,46.73,7.38,success,
Access,Access_03_1.mov,03,1,116,30.0,3.87,"(116, 1629)",100.0,100.0,50.0,50.86,4.2,success,
Access,Access_03_2.mov,03,2,164,30.0,5.47,"(164, 1629)",100.0,100.0,57.93,50.0,5.8,success,
Access,Access_06_1.mov,06,1,96,30.0,3.2,"(96, 1629)",100.0,100.0,28.12,33.33,3.53,success,
Access,Access_06_2.mov,06,2,119,30.0,3.97,"(119, 1629)",100.0,100.0,42.02,42.86,4.37,success,
Act,Act_01_1.mov,01,1,118,30.0,3.93,"(118, 1629)",100.0,100.0,44.07,48.31,4.33,success,
Act,Act_01_2.mov,01,2,165,30.0,5.5,"(165, 1629)",100.0,100.0,44.85,57.58,8.48,success,
Act,Act_02_1.mov,02,1,145,30.0,4.83,"(145, 1629)",100.0,100.0,48.97,53.1,5.22,success,
Act,Act_02_2.mov,02,2,157,30.0,5.23,"(157, 1629)",100.0,100.0,58.6,64.33,5.56,success,
Act,Act_07_1.mp4,07,1,59,25.0,2.36,"(59, 1629)",100.0,100.0,76.27,79.66,1.5,success,
Add,Add_03_1.mov,03,1,108,30.0,3.6,"(108, 1629)",100.0,100.0,42.59,0.0,3.88,success,
Add,Add_03_2.mov,03,2,133,30.0,4.43,"(133, 1629)",100.0,100.0,40.6,0.0,7.2,success,
Add,Add_05_1.mov,05,1,119,30.0,3.97,"(119, 1629)",100.0,100.0,38.66,0.0,7.45,success,
Add,Add_05_2.mov,05,2,126,30.0,4.2,"(126, 1629)",100.0,100.0,38.1,0.0,7.12,success,
Add,Add_06_1.mov,06,1,112,30.0,3.73,"(112, 1629)",100.0,100.0,32.14,0.0,4.01,success,
Add,Add_06_2.mov,06,2,120,30.0,4.0,"(120, 1629)",100.0,100.0,37.5,0.0,4.31,success,
Address,Address_02_1.mov,02,1,158,30.0,5.27,"(158, 1629)",100.0,100.0,45.57,39.87,5.6,success,
Address,Address_02_2.mov,02,2,243,30.0,8.1,"(243, 1629)",100.0,100.0,48.15,35.39,8.39,success,
Address,Address_03_1.mov,03,1,130,30.0,4.33,"(130, 1629)",100.0,100.0,43.85,62.31,4.7,success,
Address,Address_03_2.mov,03,2,195,30.0,6.5,"(195, 1629)",100.0,100.0,39.49,66.15,9.59,success,
Address,Address_06_1.mov,06,1,107,30.0,3.57,"(107, 1629)",100.0,100.0,44.86,42.99,3.99,success,
Address,Address_06_2.mov,06,2,146,30.0,4.87,"(146, 1629)",99.32,100.0,45.21,60.96,8.76,success,
After,After_01_1.mov,01,1,110,30.0,3.67,"(110, 1629)",100.0,100.0,11.82,0.0,7.06,success,
After,After_01_2.mov,01,2,133,30.0,4.43,"(133, 1629)",100.0,100.0,6.77,0.0,8.13,success,
After,After_05_1.mov,05,1,109,30.0,3.63,"(109, 1629)",100.0,100.0,39.45,0.0,9.38,success,
After,After_05_2.mov,05,2,109,30.0,3.63,"(109, 1629)",100.0,100.0,41.28,0.0,6.76,success,
After,After_06_1.mov,06,1,86,30.0,2.87,"(86, 1629)",100.0,100.0,31.4,0.0,5.08,success,
After,After_06_2.mov,06,2,99,30.0,3.3,"(99, 1629)",100.0,100.0,23.23,0.0,6.18,success,
Apply,apply_03_1.MOV,03,1,174,30.0,5.8,"(174, 1629)",100.0,100.0,54.6,21.84,10.9,success,
Apply,apply_03_2.MOV,03,2,111,30.0,3.7,"(111, 1629)",100.0,100.0,42.34,22.52,7.08,success,
Apply,apply_05_1.MOV,05,1,133,30.0,4.43,"(133, 1629)",100.0,100.0,34.59,31.58,5.09,success,
Apply,apply_05_2.MOV,05,2,129,30.0,4.3,"(129, 1629)",100.0,100.0,48.84,40.31,7.84,success,
Apply,apply_06_1.MOV,06,1,117,30.0,3.9,"(117, 1629)",100.0,100.0,33.33,28.21,7.57,success,
Apply,apply_06_2.MOV,06,2,103,30.0,3.43,"(103, 1629)",100.0,100.0,44.66,31.07,6.27,success,
Array,Array_03_1.mov,03,1,105,30.0,3.5,"(105, 1629)",100.0,100.0,40.0,43.81,6.56,success,
Array,Array_03_2.mov,03,2,113,30.0,3.77,"(113, 1629)",100.0,100.0,44.25,42.48,4.16,success,
Array,Array_05_1.mov,05,1,150,30.0,5.0,"(150, 1629)",100.0,100.0,38.0,37.33,5.31,success,
Array,Array_05_2.mov,05,2,150,30.0,5.0,"(150, 1629)",100.0,100.0,47.33,46.67,5.2,success,
Array,Array_06_1.mov,06,1,128,30.0,4.27,"(128, 1629)",100.0,100.0,40.62,39.06,4.61,success,
Array,Array_06_2.mov,06,2,109,30.0,3.63,"(109, 1629)",100.0,100.0,57.8,57.8,4.0,success,
Arrow,Arrow_02_1.mov,02,1,126,30.0,4.2,"(126, 1629)",100.0,100.0,35.71,42.86,4.75,success,
Arrow,Arrow_02_2.mov,02,2,201,30.0,6.7,"(201, 1629)",100.0,100.0,41.79,55.22,15.84,success,
Arrow,Arrow_03_1.mov,03,1,115,30.0,3.83,"(115, 1629)",100.0,100.0,46.09,41.74,8.22,success,
Arrow,Arrow_03_2.mov,03,2,190,30.0,6.33,"(190, 1629)",100.0,100.0,47.89,43.68,13.49,success,
Arrow,Arrow_06_1.mov,06,1,95,30.0,3.17,"(95, 1629)",100.0,100.0,40.0,20.0,9.21,success,
Arrow,Arrow_06_2.mov,06,2,125,30.0,4.17,"(125, 1629)",100.0,100.0,43.2,36.8,5.17,success,
Average,Average_01_1.mov,01,1,113,30.0,3.77,"(113, 1629)",100.0,100.0,55.75,47.79,7.19,success,
Average,Average_01_2.mov,01,2,188,30.0,6.27,"(188, 1629)",100.0,100.0,48.4,47.34,7.64,success,
Average,Average_05_1.mov,05,1,129,30.0,4.3,"(129, 1629)",100.0,100.0,44.19,41.86,4.56,success,
Average,Average_05_2.mov,05,2,173,30.0,5.77,"(173, 1629)",100.0,100.0,52.6,50.29,13.21,success,
Average,Average_06_1.mov,06,1,120,30.0,4.0,"(120, 1629)",100.0,100.0,57.5,55.0,7.35,success,
Average,Average_06_2.mov,06,2,133,30.0,4.43,"(133, 1629)",100.0,100.0,58.65,55.64,8.39,success,
Before,Before_01_1.mov,01,1,117,30.0,3.9,"(117, 1629)",100.0,100.0,19.66,0.0,7.15,success,
Before,Before_01_2.mov,01,2,162,30.0,5.4,"(162, 1629)",100.0,100.0,21.6,0.0,12.54,success,
Before,Before_05_1.mov,05,1,102,30.0,3.4,"(102, 1629)",100.0,100.0,30.39,0.0,6.25,success,
Before,Before_05_2.mov,05,2,103,30.0,3.43,"(103, 1629)",100.0,100.0,43.69,0.0,6.51,success,
Before,Before_06_1.mov,06,1,94,30.0,3.13,"(94, 1629)",100.0,100.0,28.72,0.0,6.05,success,
Before,Before_06_2.mov,06,2,100,30.0,3.33,"(100, 1629)",100.0,100.0,33.0,0.0,6.39,success,
Big,Big_01_1.mov,01,1,92,30.0,3.07,"(92, 1629)",100.0,100.0,42.39,35.87,8.57,success,
Big,Big_01_2.mov,01,2,139,30.0,4.63,"(139, 1629)",100.0,100.0,55.4,38.13,8.45,success,
Big,Big_05_1.mov,05,1,102,30.0,3.4,"(102, 1629)",100.0,100.0,37.25,34.31,6.69,success,
Big,Big_05_2.mov,05,2,125,30.0,4.17,"(125, 1629)",100.0,100.0,43.2,40.8,7.81,success,
Big,Big_06_1.mov,06,1,82,30.0,2.73,"(82, 1629)",100.0,100.0,29.27,28.05,5.14,success,
Big,Big_06_2.mov,06,2,101,30.0,3.37,"(101, 1629)",100.0,100.0,38.61,34.65,8.95,success,
Binary relationship,Binary relationship_02_1.mov,02,1,139,30.0,4.63,"(139, 1629)",100.0,100.0,72.66,20.14,8.56,success,
Binary relationship,Binary relationship_02_2.mov,02,2,257,30.0,8.57,"(257, 1629)",100.0,100.0,69.65,20.62,15.02,success,
Binary relationship,Binary relationship_03_1.mov,03,1,175,30.0,5.83,"(175, 1629)",100.0,100.0,54.29,20.57,6.08,success,
Binary relationship,Binary relationship_03_2.mov,03,2,254,30.0,8.47,"(254, 1629)",100.0,100.0,63.39,24.8,11.4,success,
Binary relationship,Binary relationship_05_1.mov,05,1,168,30.0,5.6,"(168, 1629)",100.0,100.0,39.29,15.48,5.84,success,
Binary relationship,Binary relationship_05_2.mov,05,2,198,30.0,6.6,"(198, 1629)",100.0,100.0,48.99,10.1,6.96,success,
Book,book_03_1.MOV,03,1,126,30.0,4.2,"(126, 1629)",100.0,100.0,47.62,38.89,4.47,success,
Book,book_03_2.MOV,03,2,125,30.0,4.17,"(125, 1629)",100.0,100.0,28.8,31.2,4.56,success,
Book,book_05_1.MOV,05,1,133,30.0,4.43,"(133, 1629)",100.0,100.0,44.36,31.58,7.28,success,
Book,book_05_2.MOV,05,2,121,30.0,4.03,"(121, 1629)",100.0,100.0,36.36,27.27,4.28,success,
Book,book_06_1.MOV,06,1,123,30.0,4.1,"(123, 1629)",100.0,100.0,50.41,49.59,4.43,success,
Book,book_06_2.MOV,06,2,120,30.0,4.0,"(120, 1629)",100.0,100.0,25.0,22.5,4.45,success,
Bool,Bool_01_1.mov,01,1,97,30.0,3.23,"(97, 1629)",100.0,100.0,55.67,0.0,3.43,success,
Bool,Bool_01_2.mov,01,2,178,30.0,5.93,"(178, 1629)",100.0,100.0,49.44,0.0,6.1,success,
Bool,Bool_05_1.mov,05,1,99,30.0,3.3,"(99, 1629)",100.0,100.0,38.38,0.0,3.56,success,
Bool,Bool_05_2.mov,05,2,108,30.0,3.6,"(108, 1629)",100.0,100.0,45.37,0.93,6.57,success,
Bool,Bool_06_1.mov,06,1,91,30.0,3.03,"(91, 1629)",100.0,100.0,32.97,0.0,3.29,success,
Bool,Bool_06_2.mov,06,2,110,30.0,3.67,"(110, 1629)",100.0,100.0,48.18,0.0,3.91,success,
Box,Box_03_1.MOV,03,1,115,30.0,3.83,"(115, 1629)",100.0,100.0,26.96,33.04,4.12,success,
Box,Box_03_2.MOV,03,2,126,30.0,4.2,"(126, 1629)",100.0,100.0,26.19,42.06,4.56,success,
Box,box_05_1.MOV,05,1,164,30.0,5.47,"(164, 1629)",100.0,100.0,43.29,43.9,5.7,success,
Box,Box_05_2.MOV,05,2,121,30.0,4.03,"(121, 1629)",100.0,100.0,19.83,26.45,4.25,success,
Box,Box_06_1.MOV,06,1,89,30.0,2.97,"(89, 1629)",100.0,100.0,32.58,29.21,3.23,success,
Box,Box_06_2.MOV,06,2,92,30.0,3.07,"(92, 1629)",100.0,100.0,45.65,33.7,6.04,success,
C++,C++_01_1.mov,01,1,242,30.0,8.07,"(242, 1629)",100.0,100.0,22.31,56.61,8.38,success,
C++,C++_01_2.mov,01,2,177,30.0,5.9,"(177, 1629)",100.0,100.0,25.99,48.59,6.09,success,
C++,C++_02_1.mov,02,1,281,30.0,9.37,"(281, 1629)",100.0,100.0,37.72,54.8,9.58,success,
C++,C++_02_2.mov,02,2,179,30.0,5.97,"(179, 1629)",100.0,100.0,40.78,60.34,6.27,success,
C++,C++_05_1.mov,05,1,187,30.0,6.23,"(187, 1629)",100.0,100.0,50.8,34.22,9.22,success,
C++,C++_05_2.mov,05,2,125,30.0,4.17,"(125, 1629)",100.0,100.0,54.4,42.4,4.77,success,
Call,Call_02_1.mov,02,1,160,30.0,5.33,"(160, 1629)",100.0,100.0,56.88,39.38,5.57,success,
Call,Call_02_2.mov,02,2,256,30.0,8.53,"(256, 1629)",100.0,100.0,57.42,37.11,8.82,success,
Call,Call_03_1.mov,03,1,148,30.0,4.93,"(148, 1629)",100.0,100.0,52.03,40.54,5.27,success,
Call,Call_03_2.mov,03,2,217,30.0,7.23,"(217, 1629)",100.0,100.0,60.83,42.86,10.25,success,
Call,Call_05_1.mov,05,1,141,30.0,4.7,"(141, 1629)",98.58,100.0,43.26,42.55,5.04,success,
Call,Call_05_2.mov,05,2,147,30.0,4.9,"(147, 1629)",100.0,100.0,48.3,43.54,5.29,success,
Char,Char_02_1.mov,02,1,74,30.0,2.47,"(74, 1629)",100.0,100.0,55.41,0.0,2.71,success,
Char,Char_02_2.mov,02,2,209,30.0,6.97,"(209, 1629)",100.0,100.0,48.33,0.0,7.23,success,
Char,Char_03_1.mov,03,1,99,30.0,3.3,"(99, 1629)",100.0,100.0,36.36,0.0,3.61,success,
Char,Char_03_2.mov,03,2,161,30.0,5.37,"(161, 1629)",100.0,100.0,43.48,0.0,8.46,success,
Char,Char_06_1.mov,06,1,87,30.0,2.9,"(87, 1629)",100.0,100.0,36.78,0.0,3.27,success,
Char,Char_06_2.mov,06,2,87,30.0,2.9,"(87, 1629)",100.0,100.0,41.38,0.0,3.15,success,
Check,Check_01_1.mov,01,1,86,30.0,2.87,"(86, 1629)",100.0,100.0,48.84,48.84,3.13,success,
Check,Check_01_2.mov,01,2,200,30.0,6.67,"(200, 1629)",100.0,100.0,52.5,57.0,7.14,success,
Check,Check_05_1.mov,05,1,112,30.0,3.73,"(112, 1629)",100.0,100.0,45.54,44.64,4.03,success,
Check,Check_05_2.mov,05,2,133,30.0,4.43,"(133, 1629)",100.0,100.0,61.65,56.39,4.82,success,
Check,Check_06_1.mov,06,1,110,30.0,3.67,"(110, 1629)",100.0,100.0,38.18,35.45,6.7,success,
Check,Check_06_2.mov,06,2,107,30.0,3.57,"(107, 1629)",100.0,100.0,51.4,51.4,3.86,success,
Class,Class_02_1.mov,02,1,140,30.0,4.67,"(140, 1629)",100.0,100.0,54.29,61.43,5.08,success,
Class,Class_02_2.mov,02,2,262,30.0,8.73,"(262, 1629)",100.0,100.0,52.29,56.11,9.25,success,
Class,Class_03_1.mov,03,1,141,30.0,4.7,"(141, 1629)",100.0,100.0,58.87,60.99,5.04,success,
Class,Class_03_2.mov,03,2,266,30.0,8.87,"(266, 1629)",100.0,100.0,66.17,64.66,9.52,success,
Class,Class_05_1.mov,05,1,148,30.0,4.93,"(148, 1629)",100.0,100.0,45.95,38.51,7.99,success,
Class,Class_05_2.mov,05,2,172,30.0,5.73,"(172, 1629)",100.0,100.0,56.98,52.91,6.09,success,
Code,Code_01_1.mov,01,1,100,30.0,3.33,"(100, 1629)",100.0,100.0,31.0,24.0,3.57,success,
Code,Code_01_2.mov,01,2,171,30.0,5.7,"(171, 1629)",100.0,100.0,45.61,30.41,6.11,success,
Code,Code_05_1.mov,05,1,126,30.0,4.2,"(126, 1629)",100.0,100.0,30.95,35.71,4.42,success,
Code,Code_05_2.mov,05,2,149,30.0,4.97,"(149, 1629)",100.0,100.0,57.72,58.39,5.4,success,
Code,Code_06_1.mov,06,1,102,30.0,3.4,"(102, 1629)",100.0,100.0,44.12,42.16,6.4,success,
Code,Code_06_2.mov,06,2,115,30.0,3.83,"(115, 1629)",100.0,100.0,58.26,53.04,4.14,success,
Coin,coin_03_1.MOV,03,1,122,30.0,4.07,"(122, 1629)",100.0,100.0,59.02,0.0,4.38,success,
Coin,coin_03_2.MOV,03,2,86,30.0,2.87,"(86, 1629)",100.0,100.0,54.65,0.0,3.2,success,
Coin,coin_05_1.MOV,05,1,119,30.0,3.97,"(119, 1629)",100.0,100.0,44.54,0.0,4.33,success,
Coin,coin_05_2.MOV,05,2,112,30.0,3.73,"(112, 1629)",100.0,100.0,35.71,0.0,3.98,success,
Coin,coin_06_1.MOV,06,1,130,30.0,4.33,"(130, 1629)",100.0,100.0,43.85,0.0,4.64,success,
Coin,coin_06_2.MOV,06,2,85,30.0,2.83,"(85, 1629)",100.0,100.0,34.12,0.0,3.08,success,
Colon,Colon_01_1.mov,01,1,134,30.0,4.47,"(134, 1629)",100.0,100.0,39.55,0.0,7.58,success,
Colon,Colon_01_2.mov,01,2,102,30.0,3.4,"(102, 1629)",100.0,100.0,31.37,0.0,3.66,success,
Colon,Colon_05_1.mov,05,1,93,30.0,3.1,"(93, 1629)",100.0,100.0,46.24,0.0,3.3,success,
Colon,Colon_05_2.mov,05,2,103,30.0,3.43,"(103, 1629)",100.0,100.0,55.34,0.0,3.63,success,
Colon,Colon_06_1.mov,06,1,102,30.0,3.4,"(102, 1629)",100.0,100.0,40.2,0.0,3.66,success,
Colon,Colon_06_2.mov,06,2,89,30.0,2.97,"(89, 1629)",100.0,100.0,50.56,0.0,3.43,success,
Column,column_01_1.MOV,01,1,119,30.0,3.97,"(119, 1629)",100.0,100.0,0.0,40.34,4.24,success,
Column,column_01_2.MOV,01,2,63,30.0,2.1,"(63, 1629)",100.0,100.0,0.0,20.63,2.48,success,
Column,Column_02_1.mov,02,1,122,30.0,4.07,"(122, 1629)",100.0,100.0,0.0,59.02,4.38,success,
Column,column_02_2.MOV,02,2,64,30.0,2.13,"(64, 1629)",100.0,100.0,0.0,26.56,5.21,success,
Column,column_07_1.mp4,07,1,150,59.94,2.5,"(150, 1629)",100.0,100.0,76.67,98.0,3.4,success,
Comment,Comment_01_1.mov,01,1,158,30.0,5.27,"(158, 1629)",100.0,100.0,52.53,20.25,5.5,success,
Comment,Comment_01_2.mov,01,2,260,30.0,8.67,"(260, 1629)",100.0,100.0,53.46,18.08,8.95,success,
Comment,Comment_05_1.mov,05,1,108,30.0,3.6,"(108, 1629)",100.0,100.0,36.11,35.19,3.88,success,
Comment,Comment_05_2.mov,05,2,132,30.0,4.4,"(132, 1629)",100.0,100.0,49.24,46.97,4.66,success,
Comment,Comment_06_1.mov,06,1,92,30.0,3.07,"(92, 1629)",100.0,100.0,40.22,39.13,3.4,success,
Comment,Comment_06_2.mov,06,2,109,30.0,3.63,"(109, 1629)",100.0,100.0,48.62,38.53,6.6,success,
Compare,Compare_02_1.mov,02,1,110,30.0,3.67,"(110, 1629)",100.0,100.0,33.64,10.91,3.91,success,
Compare,Compare_02_2.mov,02,2,186,30.0,6.2,"(186, 1629)",100.0,100.0,46.24,26.88,6.84,success,
Compare,Compare_03_1.mov,03,1,114,30.0,3.8,"(114, 1629)",100.0,100.0,44.74,41.23,4.41,success,
Compare,Compare_03_2.mov,03,2,166,30.0,5.53,"(166, 1629)",100.0,100.0,56.63,50.6,6.17,success,
Compare,Compare_06_1.mov,06,1,112,30.0,3.73,"(112, 1629)",100.0,100.0,16.96,24.11,4.39,success,
Compare,Compare_06_2.mov,06,2,106,30.0,3.53,"(106, 1629)",100.0,100.0,34.91,33.02,4.03,success,
Compiler,Compiler_02_1.mov,02,1,117,30.0,3.9,"(117, 1629)",100.0,100.0,52.14,44.44,7.31,success,
Compiler,Compiler_02_2.mov,02,2,189,30.0,6.3,"(189, 1629)",100.0,100.0,50.79,50.26,7.13,success,
Compiler,Compiler_03_1.mov,03,1,140,30.0,4.67,"(140, 1629)",100.0,100.0,39.29,50.0,5.18,success,
Compiler,Compiler_03_2.mov,03,2,219,30.0,7.3,"(219, 1629)",100.0,100.0,39.73,65.3,7.93,success,
Compiler,Compiler_05_1.mov,05,1,136,30.0,4.53,"(136, 1629)",100.0,100.0,44.12,44.85,4.97,success,
Compiler,Compiler_05_2.mov,05,2,150,30.0,5.0,"(150, 1629)",100.0,100.0,54.67,40.67,5.65,success,
Complex- composite,Complex- composite_01_1.MOV,01,1,296,30.0,9.87,"(296, 1629)",100.0,100.0,72.97,59.46,13.59,success,
Complex- composite,Complex- composite_01_2.MOV,01,2,147,30.0,4.9,"(147, 1629)",100.0,100.0,53.74,43.54,5.58,success,
Complex- composite,Complex- composite_02_1.MOV,02,1,158,30.0,5.27,"(158, 1629)",100.0,100.0,66.46,55.06,6.16,success,
Complex- composite,Complex- composite_02_2.MOV,02,2,279,30.0,9.3,"(279, 1629)",100.0,100.0,75.27,60.57,10.79,success,
Complex- composite,Complex- composite_07_1.mp4,07,1,202,59.94,3.37,"(202, 1629)",100.0,100.0,80.69,66.34,7.17,success,
Constant,constant_01_1.mov,01,1,136,30.0,4.53,"(136, 1629)",100.0,100.0,41.18,39.71,5.23,success,
Constant,constant_01_2.mov,01,2,184,30.0,6.13,"(184, 1629)",100.0,100.0,36.41,32.61,6.64,success,
Constant,constant_02_1.mov,02,1,132,30.0,4.4,"(132, 1629)",100.0,100.0,40.15,43.94,4.79,success,
Constant,constant_02_2.mov,02,2,181,30.0,6.03,"(181, 1629)",100.0,100.0,36.46,40.33,7.23,success,
Constant,constant_05_1.mov,05,1,193,30.0,6.43,"(193, 1629)",100.0,100.0,36.27,34.2,7.26,success,
Constant,constant_05_2.mov,05,2,207,30.0,6.9,"(207, 1629)",100.0,100.0,46.38,42.51,10.15,success,
Content,content_03_1.mov,03,1,106,30.0,3.53,"(106, 1629)",100.0,100.0,45.28,31.13,4.0,success,
Content,content_03_2.mov,03,2,153,30.0,5.1,"(153, 1629)",100.0,100.0,44.44,35.95,5.83,success,
Content,content_05_1.mov,05,1,165,30.0,5.5,"(165, 1629)",100.0,100.0,33.94,35.76,5.88,success,
Content,content_05_2.mov,05,2,161,30.0,5.37,"(161, 1629)",100.0,100.0,58.39,60.25,6.36,success,
Content,content_06_1.mov,06,1,113,30.0,3.77,"(113, 1629)",100.0,100.0,49.56,21.24,4.57,success,
Content,content_06_2.mov,06,2,115,30.0,3.83,"(115, 1629)",100.0,100.0,66.09,27.83,7.34,success,
Copy,copy_03_1.MOV,03,1,136,30.0,4.53,"(136, 1629)",100.0,100.0,44.12,61.76,5.53,success,
Copy,copy_03_2.MOV,03,2,96,30.0,3.2,"(96, 1629)",100.0,100.0,34.38,47.92,4.62,success,
Copy,copy_05_1.MOV,05,1,143,30.0,4.77,"(143, 1629)",100.0,100.0,45.45,40.56,9.45,success,
Copy,copy_05_2.MOV,05,2,136,30.0,4.53,"(136, 1629)",100.0,100.0,28.68,22.79,8.36,success,
Copy,copy_06_1.MOV,06,1,113,30.0,3.77,"(113, 1629)",100.0,100.0,34.51,34.51,9.87,success,
Copy,copy_06_2.MOV,06,2,96,30.0,3.2,"(96, 1629)",100.0,100.0,31.25,34.38,6.04,success,
Cout-print-output,Cout-print-output_01_1.mov,01,1,204,30.0,6.8,"(204, 1629)",100.0,100.0,47.06,0.0,12.89,success,
Cout-print-output,Cout-print-output_01_2.mov,01,2,270,30.0,9.0,"(270, 1629)",100.0,100.0,68.89,0.0,14.11,success,
Cout-print-output,Cout-print-output_02_1.mov,02,1,166,30.0,5.53,"(166, 1629)",100.0,100.0,56.02,0.0,9.53,success,
Cout-print-output,Cout-print-output_02_2.mov,02,2,224,30.0,7.47,"(224, 1629)",100.0,100.0,50.89,0.0,14.18,success,
Cout-print-output,Cout-print-output_05_1.mov,05,1,167,30.0,5.57,"(167, 1629)",100.0,100.0,38.92,1.2,10.7,success,
Cout-print-output,Cout-print-output_05_2.mov,05,2,169,30.0,5.63,"(169, 1629)",100.0,100.0,43.79,0.0,13.99,success,
Create,Create_01_1.mov,01,1,119,30.0,3.97,"(119, 1629)",100.0,100.0,34.45,26.05,7.31,success,
Create,Create_01_2.mov,01,2,180,30.0,6.0,"(180, 1629)",100.0,100.0,51.67,25.56,11.33,success,
Create,Create_05_1.mov,05,1,118,30.0,3.93,"(118, 1629)",100.0,100.0,42.37,39.83,7.58,success,
Create,Create_05_2.mov,05,2,132,30.0,4.4,"(132, 1629)",100.0,100.0,44.7,45.45,11.14,success,
Create,Create_06_1.mov,06,1,93,30.0,3.1,"(93, 1629)",100.0,100.0,49.46,46.24,6.36,success,
Create,Create_06_2.mov,06,2,115,30.0,3.83,"(115, 1629)",100.0,100.0,44.35,43.48,7.58,success,
Customer,Customer_02_1.MOV,02,1,144,30.0,4.8,"(144, 1629)",100.0,100.0,43.75,0.0,9.15,success,
Customer,Customer_02_2.MOV,02,2,100,30.0,3.33,"(100, 1629)",100.0,100.0,31.0,0.0,6.27,success,
Customer,Customer_03_1.MOV,03,1,146,30.0,4.87,"(146, 1629)",100.0,100.0,38.36,0.0,5.12,success,
Customer,Customer_03_2.MOV,03,2,198,30.0,6.6,"(198, 1629)",100.0,100.0,48.48,0.0,7.23,success,
Customer,Customer_05_1.MOV,05,1,132,30.0,4.4,"(132, 1629)",100.0,100.0,39.39,0.0,5.11,success,
Customer,Customer_05_2.MOV,05,2,128,30.0,4.27,"(128, 1629)",100.0,100.0,27.34,0.0,4.89,success,
Data,Data_01_1.mov,01,1,134,30.0,4.47,"(134, 1629)",100.0,100.0,41.04,50.0,7.03,success,
Data,Data_01_2.mov,01,2,182,30.0,6.07,"(182, 1629)",100.0,100.0,59.34,73.63,13.96,success,
Data,Data_02_1.mov,02,1,246,30.0,8.2,"(246, 1629)",100.0,100.0,48.37,61.79,15.34,success,
Data,Data_02_2.mov,02,2,167,30.0,5.57,"(167, 1629)",100.0,100.0,40.72,47.9,10.38,success,
Data,Data_05_1.mov,05,1,160,30.0,5.33,"(160, 1629)",100.0,100.0,40.0,29.38,12.65,success,
Data,Data_05_2.mov,05,2,143,30.0,4.77,"(143, 1629)",100.0,100.0,37.06,34.27,9.18,success,
Database,database_01_1.MOV,01,1,230,30.0,7.67,"(230, 1629)",100.0,100.0,46.09,57.39,11.19,success,
Database,database_01_2.MOV,01,2,120,30.0,4.0,"(120, 1629)",100.0,100.0,49.17,54.17,10.37,success,
Database,database_02_1.MOV,02,1,106,30.0,3.53,"(106, 1629)",100.0,100.0,61.32,65.09,7.14,success,
Database,database_02_2.MOV,02,2,252,30.0,8.4,"(252, 1629)",100.0,100.0,72.62,74.6,10.53,success,
Database,database_07_1.mp4,07,1,294,59.94,4.9,"(294, 1629)",100.0,100.0,61.9,56.12,10.28,success,
Datatype,Datatype_01_1.mov,01,1,311,30.0,10.37,"(311, 1629)",100.0,100.0,50.16,38.59,22.13,success,
Datatype,Datatype_01_2.mov,01,2,222,30.0,7.4,"(222, 1629)",100.0,100.0,53.15,35.59,14.12,success,
Datatype,Datatype_02_1.mov,02,1,323,30.0,10.77,"(323, 1629)",100.0,100.0,47.06,37.15,22.68,success,
Datatype,Datatype_02_2.mov,02,2,212,30.0,7.07,"(212, 1629)",100.0,100.0,47.17,43.4,13.38,success,
Datatype,Datatype_05_1.mov,05,1,252,30.0,8.4,"(252, 1629)",100.0,100.0,55.56,22.62,12.36,success,
Datatype,Datatype_05_2.mov,05,2,183,30.0,6.1,"(183, 1629)",100.0,100.0,59.56,25.14,12.41,success,
Date,date_01_1.MOV,01,1,205,30.0,6.83,"(205, 1629)",100.0,100.0,65.85,43.9,12.37,success,
Date,date_01_2.MOV,01,2,100,30.0,3.33,"(100, 1629)",100.0,100.0,41.0,41.0,9.28,success,
Date,date_02_1.MOV,02,1,219,30.0,7.3,"(219, 1629)",100.0,100.0,73.52,50.68,13.37,success,
Date,date_02_2.MOV,02,2,120,30.0,4.0,"(120, 1629)",100.0,100.0,61.67,21.67,7.37,success,
Date,date_07_1.mp4,07,1,50,25.0,2.0,"(50, 1629)",100.0,100.0,64.0,54.0,1.79,success,
Declare,Declare_02_1.mov,02,1,188,30.0,6.27,"(188, 1629)",100.0,100.0,43.09,0.0,11.79,success,
Declare,Declare_02_2.mov,02,2,262,30.0,8.73,"(262, 1629)",100.0,100.0,50.0,0.0,18.61,success,
Declare,Declare_03_1.mov,03,1,146,30.0,4.87,"(146, 1629)",100.0,100.0,50.68,0.0,9.14,success,
Declare,Declare_03_2.mov,03,2,222,30.0,7.4,"(222, 1629)",100.0,100.0,62.61,0.0,13.88,success,
Declare,Declare_06_1.mov,06,1,113,30.0,3.77,"(113, 1629)",100.0,100.0,44.25,0.0,9.89,success,
Declare,Declare_06_2.mov,06,2,124,30.0,4.13,"(124, 1629)",100.0,100.0,50.0,0.0,7.7,success,
Definition,Definition_01_1.mov,01,1,114,30.0,3.8,"(114, 1629)",100.0,100.0,38.6,26.32,7.43,success,
Definition,Definition_01_2.mov,01,2,220,30.0,7.33,"(220, 1629)",100.0,100.0,48.18,58.18,14.03,success,
Definition,Definition_05_1.mov,05,1,93,30.0,3.1,"(93, 1629)",100.0,100.0,38.71,36.56,8.51,success,
Definition,Definition_05_2.mov,05,2,124,30.0,4.13,"(124, 1629)",100.0,100.0,37.1,35.48,8.02,success,
Definition,Definition_06_1.mov,06,1,91,30.0,3.03,"(91, 1629)",100.0,100.0,42.86,46.15,6.03,success,
Definition,Definition_06_2.mov,06,2,113,30.0,3.77,"(113, 1629)",100.0,100.0,38.94,60.18,7.16,success,
Delete-remove-pop,Delete-remove-pop_01_1.mov,01,1,176,30.0,5.87,"(176, 1629)",100.0,100.0,38.07,39.2,12.38,success,
Delete-remove-pop,Delete-remove-pop_01_2.mov,01,2,230,30.0,7.67,"(230, 1629)",100.0,100.0,61.74,56.09,10.95,success,
Delete-remove-pop,Delete-remove-pop_02_1.mov,02,1,143,30.0,4.77,"(143, 1629)",100.0,100.0,60.84,55.24,5.03,success,
Delete-remove-pop,Delete-remove-pop_02_2.mov,02,2,219,30.0,7.3,"(219, 1629)",100.0,100.0,64.38,59.36,7.78,success,
Delete-remove-pop,Delete-remove-pop_05_1.mov,05,1,159,30.0,5.3,"(159, 1629)",100.0,100.0,43.4,24.53,9.54,success,
Delete-remove-pop,Delete-remove-pop_05_2.mov,05,2,183,30.0,6.1,"(183, 1629)",100.0,100.0,50.82,43.72,14.94,success,
Depend,Depend_02_1.MOV,02,1,140,30.0,4.67,"(140, 1629)",100.0,100.0,52.14,11.43,9.47,success,
Depend,Depend_02_2.MOV,02,2,88,30.0,2.93,"(88, 1629)",100.0,100.0,37.5,5.68,6.0,success,
Depend,Depend_03_1.MOV,03,1,177,30.0,5.9,"(177, 1629)",100.0,100.0,41.81,17.51,11.49,success,
Depend,Depend_03_2.MOV,03,2,99,30.0,3.3,"(99, 1629)",100.0,100.0,33.33,18.18,9.19,success,
Depend,Depend_05_1.MOV,05,1,108,30.0,3.6,"(108, 1629)",100.0,100.0,31.48,0.93,6.85,success,
Depend,Depend_05_2.MOV,05,2,148,30.0,4.93,"(148, 1629)",100.0,100.0,35.81,0.68,8.33,success,
Derived,Derived_01_1.MOV,01,1,166,30.0,5.53,"(166, 1629)",100.0,100.0,48.8,57.23,10.67,success,
Derived,Derived_01_2.MOV,01,2,412,30.0,13.73,"(412, 1629)",100.0,100.0,62.86,68.69,27.44,success,
Derived,Derived_02_1.MOV,02,1,179,30.0,5.97,"(179, 1629)",100.0,100.0,61.45,65.92,11.28,success,
Derived,Derived_02_2.MOV,02,2,357,30.0,11.9,"(357, 1629)",100.0,100.0,58.54,75.91,16.23,success,
Derived,Derived_07_1.mp4,07,1,286,59.94,4.77,"(286, 1629)",100.0,100.0,73.78,75.17,6.67,success,
Description,Description_02_1.MOV,02,1,253,30.0,8.43,"(253, 1629)",100.0,100.0,82.21,59.29,9.1,success,
Description,Description_02_2.MOV,02,2,181,30.0,6.03,"(181, 1629)",100.0,100.0,71.82,46.41,6.47,success,
Description,Description_03_1.MOV,03,1,295,30.0,9.83,"(295, 1629)",100.0,100.0,73.9,49.83,21.72,success,
Description,Description_03_2.MOV,03,2,215,30.0,7.17,"(215, 1629)",100.0,100.0,60.93,41.86,9.9,success,
Description,Description_05_1.MOV,05,1,229,30.0,7.63,"(229, 1629)",100.0,100.0,55.9,38.43,8.58,success,
Description,Description_05_2.MOV,05,2,186,30.0,6.2,"(186, 1629)",100.0,100.0,49.46,36.56,9.72,success,
Destroy,Destroy_01_1.mov,01,1,122,30.0,4.07,"(122, 1629)",100.0,100.0,24.59,21.31,7.27,success,
Destroy,Destroy_01_2.mov,01,2,150,30.0,5.0,"(150, 1629)",100.0,100.0,28.0,29.33,9.13,success,
Destroy,Destroy_02_1.mov,02,1,135,30.0,4.5,"(135, 1629)",100.0,100.0,35.56,31.85,8.63,success,
Destroy,Destroy_02_2.mov,02,2,180,30.0,6.0,"(180, 1629)",100.0,100.0,41.11,40.0,12.78,success,
Destroy,Destroy_05_1.mov,05,1,206,30.0,6.87,"(206, 1629)",100.0,100.0,32.52,25.73,12.49,success,
Destroy,Destroy_05_2.mov,05,2,217,30.0,7.23,"(217, 1629)",100.0,100.0,33.18,25.35,14.22,success,
Diamond,diamond_01_1.MOV,01,1,187,30.0,6.23,"(187, 1629)",100.0,100.0,45.99,60.43,14.93,success,
Diamond,diamond_01_2.MOV,01,2,118,30.0,3.93,"(118, 1629)",100.0,100.0,37.29,33.9,8.42,success,
Diamond,diamond_02_1.MOV,02,1,262,30.0,8.73,"(262, 1629)",100.0,100.0,45.8,72.9,10.21,success,
Diamond,diamond_02_2.MOV,02,2,120,30.0,4.0,"(120, 1629)",100.0,100.0,47.5,62.5,11.38,success,
Diamond,diamond_07_1.mp4,07,1,65,25.0,2.6,"(65, 1629)",100.0,100.0,70.77,60.0,2.71,success,
Disjoint,disjoint_01_1.MOV,01,1,137,30.0,4.57,"(137, 1629)",100.0,100.0,47.45,49.64,8.98,success,
Disjoint,disjoint_01_2.MOV,01,2,109,30.0,3.63,"(109, 1629)",100.0,100.0,29.36,31.19,7.05,success,
Disjoint,disjoint_02_1.MOV,02,1,162,30.0,5.4,"(162, 1629)",100.0,100.0,67.9,67.9,9.76,success,
Disjoint,disjoint_02_2.MOV,02,2,89,30.0,2.97,"(89, 1629)",100.0,100.0,59.55,59.55,8.27,success,
Disjoint,disjoint_07_1.mp4,07,1,55,25.0,2.2,"(55, 1629)",100.0,100.0,60.0,58.18,1.98,success,
Domain,domain_01_1.MOV,01,1,238,30.0,7.93,"(238, 1629)",100.0,100.0,49.58,60.92,12.68,success,
Domain,domain_01_2.MOV,01,2,127,30.0,4.23,"(127, 1629)",100.0,100.0,29.13,54.33,4.53,success,
Domain,domain_02_1.MOV,02,1,267,30.0,8.9,"(267, 1629)",100.0,100.0,48.69,72.28,9.27,success,
Domain,domain_02_2.MOV,02,2,137,30.0,4.57,"(137, 1629)",100.0,100.0,44.53,59.85,7.69,success,
Domain,domain_07_1.mp4,07,1,171,59.94,2.85,"(171, 1629)",100.0,100.0,74.85,80.7,4.56,success,
dot operator,dot operator_02_1.mov,02,1,86,30.0,2.87,"(86, 1629)",100.0,100.0,34.88,0.0,3.11,success,
dot operator,dot operator_02_2.mov,02,2,184,30.0,6.13,"(184, 1629)",100.0,100.0,66.85,0.0,6.61,success,
dot operator,dot operator_03_1.mov,03,1,83,30.0,2.77,"(83, 1629)",100.0,100.0,36.14,0.0,3.21,success,
dot operator,dot operator_03_2.mov,03,2,141,30.0,4.7,"(141, 1629)",100.0,100.0,43.26,0.0,6.25,success,
dot operator,dot operator_06_1.mov,06,1,91,30.0,3.03,"(91, 1629)",100.0,100.0,28.57,0.0,5.9,success,
dot operator,dot operator_06_2.mov,06,2,96,30.0,3.2,"(96, 1629)",100.0,100.0,34.38,0.0,8.79,success,
Double,Double_02_1.mov,02,1,124,30.0,4.13,"(124, 1629)",100.0,100.0,30.65,47.58,7.39,success,
Double,Double_02_2.mov,02,2,242,30.0,8.07,"(242, 1629)",100.0,100.0,51.65,73.97,16.27,success,
Double,Double_03_1.mov,03,1,109,30.0,3.63,"(109, 1629)",100.0,100.0,34.86,54.13,8.68,success,
Double,Double_03_3.mov,03,3,163,30.0,5.43,"(163, 1629)",100.0,100.0,39.88,65.03,13.17,success,
Double,Double_06_1.mov,06,1,92,30.0,3.07,"(92, 1629)",100.0,100.0,36.96,40.22,6.83,success,
Double,Double_06_2.mov,06,2,127,30.0,4.23,"(127, 1629)",100.0,100.0,40.16,45.67,8.9,success,
element,element_03_1.MOV,03,1,165,30.0,5.5,"(165, 1629)",100.0,100.0,58.18,3.64,12.26,success,
element,element_03_2.MOV,03,2,108,30.0,3.6,"(108, 1629)",100.0,100.0,43.52,0.0,10.72,success,
element,element_05_1.MOV,05,1,138,30.0,4.6,"(138, 1629)",100.0,100.0,47.1,2.17,8.61,success,
element,element_05_2.MOV,05,2,124,30.0,4.13,"(124, 1629)",100.0,100.0,36.29,3.23,8.36,success,
element,element_06_1.MOV,06,1,98,30.0,3.27,"(98, 1629)",100.0,100.0,54.08,0.0,6.5,success,
element,element_06_2.MOV,06,2,107,30.0,3.57,"(107, 1629)",100.0,100.0,31.78,0.0,9.28,success,
Else,Else_01_1.MOV,01,1,120,30.0,4.0,"(120, 1629)",100.0,100.0,34.17,0.0,7.68,success,
Else,Else_01_2.MOV,01,2,197,30.0,6.57,"(197, 1629)",100.0,100.0,48.22,0.0,13.45,success,
Else,Else_05_1.MOV,05,1,83,30.0,2.77,"(83, 1629)",100.0,100.0,31.33,0.0,5.97,success,
Else,Else_05_2.MOV,05,2,101,30.0,3.37,"(101, 1629)",100.0,100.0,36.63,0.0,10.14,success,
Else,Else_06_1.MOV,06,1,83,30.0,2.77,"(83, 1629)",100.0,100.0,26.51,0.0,6.07,success,
Else,Else_06_2.MOV,06,2,109,30.0,3.63,"(109, 1629)",100.0,100.0,40.37,0.0,8.2,success,
End,End_01_1.MOV,01,1,110,30.0,3.67,"(110, 1629)",100.0,100.0,51.82,51.82,7.9,success,
End,End_01_2.MOV,01,2,207,30.0,6.9,"(207, 1629)",100.0,100.0,49.76,36.71,13.38,success,
End,End_05_1.MOV,05,1,108,30.0,3.6,"(108, 1629)",100.0,100.0,37.04,39.81,9.48,success,
End,End_05_2.MOV,05,2,137,30.0,4.57,"(137, 1629)",100.0,100.0,59.85,53.28,8.26,success,
End,End_06_1.MOV,06,1,99,30.0,3.3,"(99, 1629)",100.0,100.0,47.47,53.54,6.33,success,
End,End_06_2.MOV,06,2,122,30.0,4.07,"(122, 1629)",100.0,100.0,61.48,60.66,7.62,success,
Equal_equlaity,Equal_equlaity_01_1.mov,01,1,140,30.0,4.67,"(140, 1629)",100.0,100.0,40.71,40.71,8.53,success,
Equal_equlaity,Equal_equlaity_01_2.mov,01,2,210,30.0,7.0,"(210, 1629)",100.0,100.0,56.67,62.38,15.93,success,
Equal_equlaity,Equal_equlaity_02_1.mov,02,1,162,30.0,5.4,"(162, 1629)",100.0,100.0,52.47,48.77,10.45,success,
Equal_equlaity,Equal_equlaity_02_2.mov,02,2,248,30.0,8.27,"(248, 1629)",100.0,100.0,54.44,53.63,11.29,success,
Equal_equlaity,Equal_equlaity_05_1.mov,05,1,175,30.0,5.83,"(175, 1629)",100.0,100.0,46.29,42.29,8.94,success,
Equal_equlaity,Equal_equlaity_05_2.mov,05,2,229,30.0,7.63,"(229, 1629)",100.0,100.0,48.03,45.41,8.12,success,
Error,Error_01_1.mov,01,1,144,30.0,4.8,"(144, 1629)",100.0,100.0,27.78,0.0,5.09,success,
Error,Error_01_2.mov,01,2,224,30.0,7.47,"(224, 1629)",100.0,100.0,50.0,0.45,7.83,success,
Error,Error_02_1.mov,02,1,166,30.0,5.53,"(166, 1629)",100.0,100.0,51.2,0.0,6.21,success,
Error,Error_02_2.mov,02,2,234,30.0,7.8,"(234, 1629)",100.0,100.0,51.71,0.0,10.88,success,
Error,Error_05_1.mov,05,1,157,30.0,5.23,"(157, 1629)",100.0,100.0,40.76,1.27,5.56,success,
Error,Error_05_2.mov,05,2,228,30.0,7.6,"(228, 1629)",100.0,100.0,29.39,0.88,7.88,success,
Example,Example_01_1.mov,01,1,134,30.0,4.47,"(134, 1629)",100.0,100.0,32.09,0.0,4.74,success,
Example,Example_01_2.mov,01,2,163,30.0,5.43,"(163, 1629)",100.0,100.0,42.94,0.0,5.71,success,
Example,Example_02_1.mov,02,1,130,30.0,4.33,"(130, 1629)",100.0,100.0,43.08,0.0,7.27,success,
Example,Example_02_2.mov,02,2,232,30.0,7.73,"(232, 1629)",100.0,100.0,56.47,0.0,7.99,success,
Example,Example_05_1.mov,05,1,156,30.0,5.2,"(156, 1629)",100.0,100.0,40.38,0.0,5.54,success,
Example,Example_05_2.mov,05,2,175,30.0,5.83,"(175, 1629)",100.0,100.0,43.43,0.0,6.2,success,
Exercise,Exercise_02_1.MOV,02,1,131,30.0,4.37,"(131, 1629)",100.0,100.0,53.44,0.0,4.67,success,
Exercise,Exercise_02_2.MOV,02,2,170,30.0,5.67,"(170, 1629)",100.0,100.0,59.41,0.0,6.31,success,
Exercise,Exercise_03_1.MOV,03,1,113,30.0,3.77,"(113, 1629)",100.0,100.0,45.13,0.0,6.76,success,
Exercise,Exercise_03_2.MOV,03,2,189,30.0,6.3,"(189, 1629)",100.0,100.0,64.02,0.0,6.72,success,
Exercise,Exercise_06_1.MOV,06,1,109,30.0,3.63,"(109, 1629)",100.0,100.0,34.86,0.0,6.18,success,
Exercise,Exercise_06_2.MOV,06,2,108,30.0,3.6,"(108, 1629)",100.0,100.0,50.0,0.0,8.08,success,
Exist,Exist_01_1.MOV,01,1,164,30.0,5.47,"(164, 1629)",100.0,100.0,16.46,34.15,10.99,success,
Exist,Exist_01_2.MOV,01,2,100,30.0,3.33,"(100, 1629)",100.0,100.0,32.0,34.0,9.22,success,
Exist,Exist_05_1.MOV,05,1,139,30.0,4.63,"(139, 1629)",100.0,100.0,33.09,32.37,9.0,success,
Exist,Exist_05_2.MOV,05,2,116,30.0,3.87,"(116, 1629)",100.0,100.0,25.0,24.14,7.92,success,
Exist,Exist_06_1.MOV,06,1,125,30.0,4.17,"(125, 1629)",100.0,100.0,30.4,28.8,8.57,success,
Exist,Exist_06_2.MOV,06,2,105,30.0,3.5,"(105, 1629)",100.0,100.0,32.38,31.43,9.89,success,
Figure,Figure_01_1.mov,01,1,91,30.0,3.03,"(91, 1629)",100.0,100.0,30.77,24.18,6.26,success,
Figure,Figure_01_2.MOV,01,2,145,30.0,4.83,"(145, 1629)",100.0,100.0,58.62,55.17,9.61,success,
Figure,Figure_05_1.MOV,05,1,116,30.0,3.87,"(116, 1629)",100.0,100.0,28.45,31.03,7.43,success,
Figure,Figure_05_2.mov,05,2,112,30.0,3.73,"(112, 1629)",100.0,100.0,46.43,45.54,10.55,success,
Figure,Figure_06_1.mov,06,1,88,30.0,2.93,"(88, 1629)",100.0,100.0,47.73,47.73,5.65,success,
Figure,Figure_06_2.mov,06,2,82,30.0,2.73,"(82, 1629)",100.0,100.0,39.02,41.46,5.85,success,
First out,First out_02_1.MOV,02,1,136,30.0,4.53,"(136, 1629)",100.0,100.0,31.62,36.76,10.19,success,
First out,First out_02_2.MOV,02,2,163,30.0,5.43,"(163, 1629)",100.0,100.0,52.15,36.81,11.21,success,
First out,First out_03_1.MOV,03,1,229,30.0,7.63,"(229, 1629)",100.0,100.0,68.12,55.02,17.14,success,
First out,First out_03_2.MOV,03,2,154,30.0,5.13,"(154, 1629)",100.0,100.0,45.45,31.82,7.11,success,
First out,First out_05_1.MOV,05,1,157,30.0,5.23,"(157, 1629)",100.0,100.0,48.41,26.11,5.78,success,
First out,First out_05_2.MOV,05,2,122,30.0,4.07,"(122, 1629)",100.0,100.0,43.44,18.03,7.47,success,
First out,First out_06_1.MOV,06,1,116,30.0,3.87,"(116, 1629)",100.0,100.0,63.79,73.28,9.96,success,
First out,First out_06_2.MOV,06,2,142,30.0,4.73,"(142, 1629)",100.0,100.0,50.0,35.21,9.02,success,
Foreign key,Foreign key_01_1.MOV,01,1,152,30.0,5.07,"(152, 1629)",100.0,100.0,45.39,42.76,9.46,success,
Foreign key,Foreign key_01_2.MOV,01,2,236,30.0,7.87,"(236, 1629)",100.0,100.0,57.63,69.92,13.94,success,
Foreign key,Foreign key_02_1.MOV,02,1,216,30.0,7.2,"(216, 1629)",100.0,100.0,75.0,87.04,15.94,success,
Foreign key,Foreign key_02_2.MOV,02,2,155,30.0,5.17,"(155, 1629)",100.0,100.0,60.65,67.1,9.83,success,
Foreign key,Foreign key_07_1.mp4,07,1,196,59.94,3.27,"(196, 1629)",100.0,100.0,81.12,85.71,4.55,success,
Front,Front_01_1.MOV,01,1,105,30.0,3.5,"(105, 1629)",100.0,100.0,29.52,0.0,3.75,success,
Front,Front_01_2.MOV,01,2,157,30.0,5.23,"(157, 1629)",100.0,100.0,43.95,0.0,8.15,success,
Front,Front_05_1.MOV,05,1,106,30.0,3.53,"(106, 1629)",100.0,100.0,39.62,37.74,3.9,success,
Front,Front_05_2.MOV,05,2,114,30.0,3.8,"(114, 1629)",100.0,100.0,43.86,43.86,5.64,success,
Front,Front_06_1.MOV,06,1,97,30.0,3.23,"(97, 1629)",100.0,100.0,35.05,38.14,6.58,success,
Front,Front_06_2.MOV,06,2,98,30.0,3.27,"(98, 1629)",100.0,100.0,42.86,46.94,6.49,success,
Full,Full_01_1.MOV,01,1,90,30.0,3.0,"(90, 1629)",100.0,100.0,17.78,11.11,5.71,success,
Full,Full_01_2.MOV,01,2,141,30.0,4.7,"(141, 1629)",100.0,100.0,37.59,38.3,11.75,success,
Full,Full_05_1.MOV,05,1,119,30.0,3.97,"(119, 1629)",100.0,100.0,26.05,28.57,7.61,success,
Full,Full_05_2.MOV,05,2,98,30.0,3.27,"(98, 1629)",100.0,100.0,56.12,57.14,6.3,success,
Full,Full_06_1.MOV,06,1,96,30.0,3.2,"(96, 1629)",100.0,100.0,31.25,32.29,6.1,success,
Full,Full_06_2.MOV,06,2,116,30.0,3.87,"(116, 1629)",99.14,100.0,32.76,32.76,7.14,success,
Function,function_01_1.MOV,01,1,175,30.0,5.83,"(175, 1629)",100.0,100.0,26.86,51.43,13.55,success,
Function,function_01_2.MOV,01,2,85,30.0,2.83,"(85, 1629)",100.0,100.0,37.65,34.12,5.52,success,
Function,function_02_1.MOV,02,1,129,30.0,4.3,"(129, 1629)",100.0,100.0,51.16,68.99,7.78,success,
Function,function_02_2.MOV,02,2,201,30.0,6.7,"(201, 1629)",100.0,100.0,45.27,66.17,12.3,success,
Function,function_07_1.mp4,07,1,224,59.94,3.74,"(224, 1629)",100.0,100.0,63.84,66.96,9.62,success,
Graphics,Graphics_02_1.MOV,02,1,273,30.0,9.1,"(273, 1629)",100.0,100.0,58.24,80.95,11.98,success,
Graphics,Graphics_02_2.MOV,02,2,129,30.0,4.3,"(129, 1629)",100.0,100.0,48.06,52.71,4.63,success,
Graphics,Graphics_03_1.MOV,03,1,172,30.0,5.73,"(172, 1629)",100.0,100.0,44.19,52.33,6.12,success,
Graphics,Graphics_03_2.MOV,03,2,312,30.0,10.4,"(312, 1629)",100.0,100.0,56.09,64.42,10.89,success,
Graphics,Graphics_05_1.MOV,05,1,147,30.0,4.9,"(147, 1629)",100.0,100.0,40.82,40.14,8.14,success,
Graphics,Graphics_05_2.MOV,05,2,157,30.0,5.23,"(157, 1629)",100.0,100.0,60.51,55.41,7.84,success,
Hashtag,Hashtag_01_1.MOV,01,1,95,30.0,3.17,"(95, 1629)",100.0,100.0,44.21,0.0,5.81,success,
Hashtag,Hashtag_01_2.MOV,01,2,161,30.0,5.37,"(161, 1629)",100.0,100.0,55.9,0.0,10.66,success,
Hashtag,Hashtag_05_1.MOV,05,1,93,30.0,3.1,"(93, 1629)",100.0,100.0,46.24,0.0,7.38,success,
Hashtag,Hashtag_05_2.MOV,05,2,113,30.0,3.77,"(113, 1629)",100.0,100.0,53.1,0.0,10.9,success,
Hashtag,Hashtag_06_1.MOV,06,1,85,30.0,2.83,"(85, 1629)",100.0,100.0,48.24,0.0,5.49,success,
Hashtag,Hashtag_06_2.MOV,06,2,111,30.0,3.7,"(111, 1629)",100.0,100.0,52.25,0.0,7.42,success,
Higher,Higher_01_1.MOV,01,1,106,30.0,3.53,"(106, 1629)",100.0,100.0,26.42,51.89,7.11,success,
Higher,Higher_01_2.MOV,01,2,168,30.0,5.6,"(168, 1629)",100.0,100.0,42.86,58.93,12.18,success,
Higher,Higher_03_1.MOV,03,1,105,30.0,3.5,"(105, 1629)",100.0,100.0,26.67,22.86,10.03,success,
Higher,Higher_03_2.MOV,03,2,126,30.0,4.2,"(126, 1629)",100.0,100.0,29.37,34.92,8.56,success,
Higher,Higher_06_1.MOV,06,1,103,30.0,3.43,"(103, 1629)",100.0,100.0,43.69,42.72,7.39,success,
Higher,Higher_06_2.MOV,06,2,115,30.0,3.83,"(115, 1629)",100.0,100.0,48.7,52.17,8.11,success,
Hold,Hold_01_1.MOV,01,1,161,30.0,5.37,"(161, 1629)",100.0,100.0,36.65,43.48,13.25,success,
Hold,Hold_01_2.MOV,01,2,232,30.0,7.73,"(232, 1629)",100.0,100.0,39.22,55.17,15.91,success,
Hold,Hold_05_1.MOV,05,1,123,30.0,4.1,"(123, 1629)",100.0,100.0,38.21,38.21,6.38,success,
Hold,Hold_05_2.MOV,05,2,142,30.0,4.73,"(142, 1629)",100.0,100.0,47.89,40.14,11.03,success,
Hold,Hold_06_1.MOV,06,1,90,30.0,3.0,"(90, 1629)",100.0,100.0,46.67,27.78,6.13,success,
Hold,Hold_06_2.MOV,06,2,131,30.0,4.37,"(131, 1629)",100.0,100.0,51.91,48.85,8.68,success,
Id- identifier,Id- identifier_02_1.MOV,02,1,178,30.0,5.93,"(178, 1629)",100.0,100.0,76.97,0.0,11.11,success,
Id- identifier,Id- identifier_02_2.MOV,02,2,128,30.0,4.27,"(128, 1629)",100.0,100.0,56.25,0.0,11.45,success,
Id- identifier,Id- identifier_03_1.MOV,03,1,128,30.0,4.27,"(128, 1629)",100.0,100.0,50.0,0.0,8.53,success,
Id- identifier,Id- identifier_03_2.MOV,03,2,177,30.0,5.9,"(177, 1629)",100.0,100.0,48.59,0.0,12.71,success,
Id- identifier,Id- identifier_05_1.MOV,05,1,147,30.0,4.9,"(147, 1629)",100.0,100.0,45.58,0.0,12.06,success,
Id- identifier,Id- identifier_05_2.MOV,05,2,140,30.0,4.67,"(140, 1629)",100.0,100.0,37.14,2.14,8.74,success,
If,If_01_1.MOV,01,1,130,30.0,4.33,"(130, 1629)",100.0,100.0,56.15,29.23,8.41,success,
If,If_01_2.MOV,01,2,179,30.0,5.97,"(179, 1629)",100.0,100.0,62.57,37.43,11.56,success,
If,If_05_1.MOV,05,1,119,30.0,3.97,"(119, 1629)",100.0,100.0,56.3,28.57,10.22,success,
If,If_05_2.MOV,05,2,139,30.0,4.63,"(139, 1629)",100.0,100.0,58.27,30.22,9.09,success,
If,If_06_1.MOV,06,1,130,30.0,4.33,"(130, 1629)",100.0,100.0,50.77,26.92,9.05,success,
If,If_06_2.MOV,06,2,155,30.0,5.17,"(155, 1629)",100.0,100.0,60.65,30.97,10.06,success,
Inaccessible,Inaccessible_02_1.MOV,02,1,187,30.0,6.23,"(187, 1629)",100.0,100.0,49.2,23.53,14.63,success,
Inaccessible,Inaccessible_02_2.MOV,02,2,103,30.0,3.43,"(103, 1629)",100.0,100.0,39.81,32.04,6.81,success,
Inaccessible,Inaccessible_03_1.MOV,03,1,195,30.0,6.5,"(195, 1629)",100.0,100.0,47.69,24.62,7.56,success,
Inaccessible,Inaccessible_03_2.MOV,03,2,126,30.0,4.2,"(126, 1629)",100.0,100.0,35.71,20.63,7.58,success,
Inaccessible,Inaccessible_05_1.MOV,05,1,134,30.0,4.47,"(134, 1629)",100.0,100.0,29.85,25.37,10.91,success,
Inaccessible,Inaccessible_05_2.MOV,05,2,148,30.0,4.93,"(148, 1629)",100.0,100.0,47.3,37.16,8.88,success,
Include,include_03_1.MOV,03,1,138,30.0,4.6,"(138, 1629)",100.0,100.0,67.39,21.74,8.76,success,
Include,include_03_2.MOV,03,2,199,30.0,6.63,"(199, 1629)",100.0,100.0,63.32,23.62,12.53,success,
Include,include_05_1.MOV,05,1,193,30.0,6.43,"(193, 1629)",100.0,100.0,51.81,18.65,14.75,success,
Include,include_05_2.MOV,05,2,150,30.0,5.0,"(150, 1629)",100.0,100.0,42.67,14.0,9.29,success,
Include,include_06_1.MOV,06,1,142,30.0,4.73,"(142, 1629)",100.0,100.0,66.9,27.46,8.68,success,
Include,include_06_2.MOV,06,2,134,30.0,4.47,"(134, 1629)",100.0,100.0,54.48,20.9,11.07,success,
Index,Index_01_1.MOV,01,1,119,30.0,3.97,"(119, 1629)",100.0,100.0,57.98,48.74,7.19,success,
Index,Index_01_2.MOV,01,2,166,30.0,5.53,"(166, 1629)",100.0,100.0,70.48,54.82,10.45,success,
Index,Index_05_1.MOV,05,1,141,30.0,4.7,"(141, 1629)",100.0,100.0,54.61,43.97,8.58,success,
Index,Index_05_2.MOV,05,2,184,30.0,6.13,"(184, 1629)",100.0,100.0,57.07,55.98,14.01,success,
Index,Index_06_1.MOV,06,1,148,30.0,4.93,"(148, 1629)",100.0,100.0,62.84,62.84,9.27,success,
Index,Index_06_2.MOV,06,2,133,30.0,4.43,"(133, 1629)",100.0,100.0,54.89,55.64,8.59,success,
Information,information_01_1.MOV,01,1,205,30.0,6.83,"(205, 1629)",100.0,100.0,65.85,0.0,10.06,success,
Information,information_01_2.MOV,01,2,131,30.0,4.37,"(131, 1629)",100.0,100.0,44.27,0.0,10.89,success,
Information,information_02_1.MOV,02,1,180,30.0,6.0,"(180, 1629)",100.0,100.0,62.22,0.0,14.48,success,
Information,information_02_2.MOV,02,2,104,30.0,3.47,"(104, 1629)",100.0,100.0,50.96,0.0,7.51,success,
Information,information_07_1.mp4,07,1,98,30.0,3.27,"(98, 1629)",100.0,100.0,0.0,62.24,7.27,success,
Initialize,Initialize_02_1.MOV,02,1,347,30.0,11.57,"(347, 1629)",100.0,100.0,71.47,32.85,22.19,success,
Initialize,Initialize_02_2.MOV,02,2,170,30.0,5.67,"(170, 1629)",100.0,100.0,65.29,28.24,10.99,success,
Initialize,Initialize_03_1.MOV,03,1,222,30.0,7.4,"(222, 1629)",100.0,100.0,72.52,27.93,18.94,success,
Initialize,Initialize_03_2.MOV,03,2,392,30.0,13.07,"(392, 1629)",100.0,100.0,73.47,32.14,25.74,success,
Initialize,Initialize_05_1.MOV,05,1,256,30.0,8.53,"(256, 1629)",100.0,100.0,60.55,14.84,20.91,success,
Initialize,Initialize_05_2.MOV,05,2,208,30.0,6.93,"(208, 1629)",100.0,100.0,55.29,14.42,14.96,success,
Input-enter,Input-enter_02_1.MOV,02,1,121,30.0,4.03,"(121, 1629)",100.0,100.0,35.54,14.88,10.6,success,
Input-enter,Input-enter_02_2.MOV,02,2,260,30.0,8.67,"(260, 1629)",100.0,100.0,37.69,31.92,16.76,success,
Input-enter,Input-enter_05_1.MOV,05,1,202,30.0,6.73,"(202, 1629)",100.0,100.0,40.1,37.13,13.62,success,
Input-enter,Input-enter_05_2.MOV,05,2,164,30.0,5.47,"(164, 1629)",100.0,100.0,40.24,35.37,14.55,success,
Input-enter,Input-enter_08_1.MOV,08,1,145,30.0,4.83,"(145, 1629)",100.0,100.0,43.45,33.79,10.42,success,
Input-enter,Input-enter_08_2.MOV,08,2,243,30.0,8.1,"(243, 1629)",100.0,100.0,54.32,40.33,17.31,success,
int,int_02_1.MOV,02,1,146,30.0,4.87,"(146, 1629)",100.0,100.0,40.41,0.0,12.15,success,
int,int_02_2.MOV,02,2,108,30.0,3.6,"(108, 1629)",100.0,100.0,50.93,0.0,7.1,success,
int,int_03_1.MOV,03,1,110,30.0,3.67,"(110, 1629)",100.0,100.0,40.0,0.0,7.44,success,
int,int_03_2.MOV,03,2,203,30.0,6.77,"(203, 1629)",100.0,100.0,56.65,0.0,14.01,success,
int,int_06_1.MOV,06,1,101,30.0,3.37,"(101, 1629)",100.0,100.0,38.61,0.0,9.37,success,
int,int_06_2.MOV,06,2,122,30.0,4.07,"(122, 1629)",100.0,100.0,45.08,0.0,8.03,success,
Last in,Last in_02_1.MOV,02,1,135,30.0,4.5,"(135, 1629)",100.0,100.0,51.85,57.78,10.53,success,
Last in,Last in_02_2.MOV,02,2,207,30.0,6.9,"(207, 1629)",100.0,100.0,63.29,66.18,14.47,success,
Last in,Last in_03_1.MOV,03,1,150,30.0,5.0,"(150, 1629)",100.0,100.0,39.33,48.67,12.37,success,
Last in,Last in_03_2.MOV,03,2,235,30.0,7.83,"(235, 1629)",100.0,100.0,42.13,49.79,15.35,success,
Last in,Last in_06_1.MOV,06,1,122,30.0,4.07,"(122, 1629)",100.0,100.0,50.0,54.1,8.98,success,
Last in,Last in_06_2.MOV,06,2,146,30.0,4.87,"(146, 1629)",100.0,100.0,60.27,56.16,13.19,success,
Library,Library_01_1.MOV,01,1,112,30.0,3.73,"(112, 1629)",100.0,100.0,34.82,25.89,7.39,success,
Library,Library_01_2.MOV,01,2,198,30.0,6.6,"(198, 1629)",100.0,100.0,49.49,55.05,13.38,success,
Library,Library_05_1.MOV,05,1,94,30.0,3.13,"(94, 1629)",100.0,100.0,38.3,27.66,9.32,success,
Library,Library_05_2.MOV,05,2,111,30.0,3.7,"(111, 1629)",100.0,100.0,47.75,34.23,7.72,success,
Library,Library_06_1.MOV,06,1,111,30.0,3.7,"(111, 1629)",100.0,100.0,40.54,39.64,8.14,success,
Library,Library_06_2.MOV,06,2,114,30.0,3.8,"(114, 1629)",100.0,100.0,51.75,50.0,8.58,success,
Line,Line_02_1.MOV,02,1,94,30.0,3.13,"(94, 1629)",100.0,100.0,46.81,45.74,8.95,success,
Line,Line_02_2.MOV,02,2,136,30.0,4.53,"(136, 1629)",100.0,100.0,55.88,53.68,8.61,success,
Line,Line_03_1.MOV,03,1,101,30.0,3.37,"(101, 1629)",100.0,100.0,46.53,46.53,6.47,success,
Line,Line_03_2.MOV,03,2,177,30.0,5.9,"(177, 1629)",100.0,100.0,49.15,49.72,11.45,success,
Line,Line_06_1.MOV,06,1,105,30.0,3.5,"(105, 1629)",100.0,100.0,18.1,29.52,9.54,success,
Line,Line_06_2.MOV,06,2,127,30.0,4.23,"(127, 1629)",100.0,100.0,35.43,37.8,8.15,success,
List,list_03_1.MOV,03,1,103,30.0,3.43,"(103, 1629)",100.0,100.0,48.54,39.81,6.87,success,
List,list_03_2.MOV,03,2,98,30.0,3.27,"(98, 1629)",100.0,100.0,58.16,43.88,6.52,success,
List,list_05_1.MOV,05,1,120,30.0,4.0,"(120, 1629)",100.0,100.0,30.83,16.67,8.39,success,
List,list_05_2.MOV,05,2,115,30.0,3.83,"(115, 1629)",100.0,100.0,58.26,42.61,10.28,success,
List,list_06_1.MOV,06,1,123,30.0,4.1,"(123, 1629)",100.0,100.0,49.59,49.59,8.22,success,
List,list_06_2.MOV,06,2,111,30.0,3.7,"(111, 1629)",100.0,100.0,43.24,45.95,7.33,success,
Logical,logical_01_1.MOV,01,1,230,30.0,7.67,"(230, 1629)",100.0,100.0,55.65,0.0,14.7,success,
Logical,logical_01_2.MOV,01,2,128,30.0,4.27,"(128, 1629)",100.0,100.0,46.09,0.0,11.08,success,
Logical,logical_02_1.MOV,02,1,229,30.0,7.63,"(229, 1629)",100.0,100.0,58.08,0.44,14.95,success,
Logical,logical_02_2.MOV,02,2,127,30.0,4.23,"(127, 1629)",100.0,100.0,46.46,0.0,8.41,success,
Logical,logical_07_1.mp4,07,1,86,30.0,2.87,"(86, 1629)",100.0,100.0,0.0,58.14,5.86,success,
Loop,Loop_01_1.mov,01,1,117,30.0,3.9,"(117, 1629)",100.0,100.0,23.08,0.0,7.65,success,
Loop,Loop_01_2.mov,01,2,215,30.0,7.17,"(215, 1629)",100.0,100.0,47.91,0.0,14.01,success,
Loop,Loop_05_1.mov,05,1,103,30.0,3.43,"(103, 1629)",100.0,100.0,43.69,0.0,6.95,success,
Loop,Loop_05_2.mov,05,2,126,30.0,4.2,"(126, 1629)",100.0,100.0,60.32,0.0,10.89,success,
Loop,Loop_06_1.mov,06,1,107,30.0,3.57,"(107, 1629)",100.0,100.0,47.66,0.0,7.32,success,
Loop,Loop_06_2.mov,06,2,122,30.0,4.07,"(122, 1629)",100.0,100.0,43.44,0.0,8.65,success,
Many to many,Many to many_02_1.MOV,02,1,287,30.0,9.57,"(287, 1629)",100.0,100.0,64.11,61.67,19.03,success,
Many to many,Many to many_02_2.MOV,02,2,158,30.0,5.27,"(158, 1629)",100.0,100.0,53.8,47.47,12.8,success,
Many to many,Many to many_03_1.MOV,03,1,343,30.0,11.43,"(343, 1629)",100.0,100.0,54.23,51.6,22.03,success,
Many to many,Many to many_03_2.MOV,03,2,249,30.0,8.3,"(249, 1629)",100.0,100.0,48.59,42.17,18.72,success,
Many to many,Many to many_05_1.MOV,05,1,227,30.0,7.57,"(227, 1629)",100.0,100.0,44.05,41.41,15.28,success,
Many to many,Many to many_05_2.MOV,05,2,200,30.0,6.67,"(200, 1629)",100.0,100.0,41.5,33.5,17.11,success,
Many to one,Many to one_02_1.MOV,02,1,159,30.0,5.3,"(159, 1629)",100.0,100.0,52.2,57.86,10.06,success,
Many to one,Many to one_02_2.MOV,02,2,96,30.0,3.2,"(96, 1629)",100.0,100.0,53.12,51.04,6.28,success,
Many to one,Many to one_03_1.MOV,03,1,207,30.0,6.9,"(207, 1629)",100.0,100.0,41.06,56.52,16.65,success,
Many to one,Many to one_03_2.MOV,03,2,123,30.0,4.1,"(123, 1629)",100.0,100.0,16.26,32.52,8.15,success,
Many to one,Many to one_05_1.MOV,05,1,137,30.0,4.57,"(137, 1629)",100.0,100.0,19.71,45.26,9.06,success,
Many to one,Many to one_05_2.MOV,05,2,143,30.0,4.77,"(143, 1629)",100.0,100.0,23.78,44.06,11.95,success,
Max,Max_01_1.mov,01,1,141,30.0,4.7,"(141, 1629)",100.0,100.0,34.75,13.48,9.04,success,
Max,Max_01_2.mov,01,2,189,30.0,6.3,"(189, 1629)",100.0,100.0,51.32,22.22,11.93,success,
Max,Max_05_1.mov,05,1,123,30.0,4.1,"(123, 1629)",100.0,100.0,31.71,32.52,11.49,success,
Max,Max_05_2.mov,05,2,133,30.0,4.43,"(133, 1629)",100.0,100.0,61.65,39.85,8.96,success,
Max,Max_06_1.mov,06,1,100,30.0,3.33,"(100, 1629)",100.0,100.0,43.0,29.0,7.32,success,
Max,Max_06_2.mov,06,2,117,30.0,3.9,"(117, 1629)",100.0,100.0,66.67,37.61,8.31,success,
Memory,memory_01_1.mov,01,1,151,30.0,5.03,"(151, 1629)",100.0,100.0,76.16,0.0,12.45,success,
Memory,memory_01_2.mov,01,2,172,30.0,5.73,"(172, 1629)",100.0,100.0,43.6,0.0,12.04,success,
Memory,memory_02_1.mov,02,1,177,30.0,5.9,"(177, 1629)",100.0,100.0,0.0,57.63,13.29,success,
Memory,memory_02_2.mov,02,2,147,30.0,4.9,"(147, 1629)",100.0,100.0,0.0,49.66,12.98,success,
Memory,memory_05_1.mov,05,1,143,30.0,4.77,"(143, 1629)",100.0,100.0,0.0,53.85,9.57,success,
Memory,memory_05_2.mov,05,2,141,30.0,4.7,"(141, 1629)",100.0,100.0,0.0,39.72,9.44,success,
Memory leak,Memory leak_02_1.MOV,02,1,118,30.0,3.93,"(118, 1629)",100.0,100.0,58.47,29.66,7.73,success,
Memory leak,Memory leak_02_2.MOV,02,2,222,30.0,7.4,"(222, 1629)",100.0,100.0,68.02,40.09,17.49,success,
Memory leak,Memory leak_03_1.MOV,03,1,132,30.0,4.4,"(132, 1629)",100.0,100.0,57.58,27.27,9.39,success,
Memory leak,Memory leak_03_2.MOV,03,2,225,30.0,7.5,"(225, 1629)",100.0,100.0,70.67,32.44,16.16,success,
Memory leak,Memory leak_06_1.MOV,06,1,107,30.0,3.57,"(107, 1629)",100.0,100.0,49.53,24.3,10.44,success,
Memory leak,Memory leak_06_2.MOV,06,2,144,30.0,4.8,"(144, 1629)",100.0,100.0,55.56,25.69,10.45,success,
Message,Message_03_1.mov,03,1,109,30.0,3.63,"(109, 1629)",100.0,100.0,31.19,41.28,7.47,success,
Message,Message_03_2.mov,03,2,135,30.0,4.5,"(135, 1629)",100.0,100.0,37.78,48.89,9.9,success,
Message,Message_05_1.mov,05,1,133,30.0,4.43,"(133, 1629)",100.0,100.0,36.09,29.32,11.88,success,
Message,Message_05_2.mov,05,2,174,30.0,5.8,"(174, 1629)",100.0,100.0,34.48,31.61,12.32,success,
Message,Message_06_1.mov,06,1,108,30.0,3.6,"(108, 1629)",100.0,100.0,32.41,30.56,7.39,success,
Message,Message_06_2.mov,06,2,117,30.0,3.9,"(117, 1629)",100.0,100.0,43.59,56.41,7.69,success,
Min,Min_01_1.MOV,01,1,114,30.0,3.8,"(114, 1629)",100.0,100.0,54.39,5.26,10.18,success,
Min,Min_01_2.MOV,01,2,167,30.0,5.57,"(167, 1629)",100.0,100.0,72.46,6.59,10.77,success,
Min,Min_05_1.MOV,05,1,132,30.0,4.4,"(132, 1629)",100.0,100.0,50.0,18.94,8.55,success,
Min,Min_05_2.MOV,05,2,127,30.0,4.23,"(127, 1629)",100.0,100.0,64.57,28.35,8.23,success,
Min,Min_06_1.MOV,06,1,117,30.0,3.9,"(117, 1629)",100.0,100.0,58.12,26.5,10.35,success,
Min,Min_06_2.MOV,06,2,128,30.0,4.27,"(128, 1629)",100.0,100.0,67.19,29.69,8.33,success,
Multiple,multiple_02_1.MOV,02,1,239,30.0,7.97,"(239, 1629)",100.0,100.0,76.57,30.13,24.31,success,
Multiple,multiple_02_2.MOV,02,2,113,30.0,3.77,"(113, 1629)",100.0,100.0,63.72,27.43,10.14,success,
Multiple,multiple_03_1.MOV,03,1,147,30.0,4.9,"(147, 1629)",100.0,100.0,55.78,18.37,9.65,success,
Multiple,multiple_03_2.MOV,03,2,280,30.0,9.33,"(280, 1629)",100.0,100.0,68.21,29.64,15.58,success,
Multiple,multiple_05_1.MOV,05,1,156,30.0,5.2,"(156, 1629)",100.0,100.0,44.23,17.95,8.43,success,
Multiple,multiple_05_2.MOV,05,2,170,30.0,5.67,"(170, 1629)",100.0,100.0,49.41,24.12,6.17,success,
Name,name_01_1.MOV,01,1,188,30.0,6.27,"(188, 1629)",100.0,100.0,75.53,3.72,6.74,success,
Name,name_01_2.MOV,01,2,149,30.0,4.97,"(149, 1629)",100.0,100.0,59.73,16.11,5.43,success,
Name,name_02_1.MOV,02,1,142,30.0,4.73,"(142, 1629)",100.0,100.0,58.45,0.0,4.96,success,
Name,name_02_2.MOV,02,2,235,30.0,7.83,"(235, 1629)",100.0,100.0,70.21,2.55,8.09,success,
Name,name_07_1.mp4,07,1,230,59.94,3.84,"(230, 1629)",100.0,100.0,78.26,100.0,7.79,success,
New,New_01_1.mov,01,1,154,30.0,5.13,"(154, 1629)",100.0,100.0,46.75,50.0,5.44,success,
New,New_01_2.mov,01,2,293,30.0,9.77,"(293, 1629)",100.0,100.0,63.48,67.92,9.96,success,
New,New_02_1.mov,02,1,168,30.0,5.6,"(168, 1629)",100.0,100.0,51.19,50.6,5.76,success,
New,New_02_2.mov,02,2,267,30.0,8.9,"(267, 1629)",100.0,100.0,74.91,75.66,9.06,success,
New,New_05_1.mov,05,1,181,30.0,6.03,"(181, 1629)",100.0,100.0,39.78,35.36,8.97,success,
New,New_05_2.mov,05,2,172,30.0,5.73,"(172, 1629)",100.0,100.0,54.65,52.33,6.03,success,
Next,Next_01_1.MOV,01,1,107,30.0,3.57,"(107, 1629)",100.0,100.0,19.63,0.0,3.83,success,
Next,Next_01_2.MOV,01,2,141,30.0,4.7,"(141, 1629)",100.0,100.0,34.04,0.0,4.96,success,
Next,Next_05_1.MOV,05,1,100,30.0,3.33,"(100, 1629)",100.0,100.0,39.0,0.0,3.63,success,
Next,Next_05_2.MOV,05,2,110,30.0,3.67,"(110, 1629)",100.0,100.0,40.91,0.0,3.85,success,
Next,Next_06_1.MOV,06,1,86,30.0,2.87,"(86, 1629)",100.0,100.0,40.7,0.0,3.18,success,
Next,Next_06_2.MOV,06,2,90,30.0,3.0,"(90, 1629)",100.0,100.0,48.89,0.0,6.01,success,
Non binary relationship,Non binary relationship_02_1.MOV,02,1,182,30.0,6.07,"(182, 1629)",100.0,100.0,77.47,7.14,6.35,success,
Non binary relationship,Non binary relationship_02_2.MOV,02,2,410,30.0,13.67,"(410, 1629)",100.0,100.0,77.07,9.51,13.89,success,
Non binary relationship,Non binary relationship_03_1.MOV,03,1,304,30.0,10.13,"(304, 1629)",100.0,100.0,59.87,14.8,10.5,success,
Non binary relationship,Non binary relationship_03_2.MOV,03,2,232,30.0,7.73,"(232, 1629)",100.0,100.0,48.28,14.22,10.83,success,
Non binary relationship,Non binary relationship_05_1.MOV,05,1,206,30.0,6.87,"(206, 1629)",100.0,100.0,52.91,19.42,7.36,success,
Non binary relationship,Non binary relationship_05_2.MOV,05,2,188,30.0,6.27,"(188, 1629)",100.0,100.0,47.87,4.26,6.6,success,
Null,Null_01_1.mov,01,1,140,30.0,4.67,"(140, 1629)",100.0,100.0,44.29,40.0,4.84,success,
Null,Null_01_2.mov,01,2,214,30.0,7.13,"(214, 1629)",100.0,100.0,58.41,50.0,7.39,success,
Null,Null_02_1.mov,02,1,177,30.0,5.9,"(177, 1629)",100.0,100.0,48.02,15.25,8.8,success,
Null,Null_02_2.mov,02,2,188,30.0,6.27,"(188, 1629)",100.0,100.0,61.17,51.06,6.4,success,
Null,Null_05_1.mov,05,1,155,30.0,5.17,"(155, 1629)",100.0,100.0,49.68,25.81,5.38,success,
Null,Null_05_2.mov,05,2,174,30.0,5.8,"(174, 1629)",100.0,100.0,47.7,41.95,6.09,success,
Object,Object_01_1.MOV,01,1,107,30.0,3.57,"(107, 1629)",100.0,100.0,33.64,0.0,5.96,success,
Object,Object_01_2.MOV,01,2,158,30.0,5.27,"(158, 1629)",100.0,100.0,53.8,0.0,10.61,success,
Object,Object_05_1.MOV,05,1,99,30.0,3.3,"(99, 1629)",100.0,100.0,35.35,0.0,9.13,success,
Object,Object_05_2.MOV,05,2,103,30.0,3.43,"(103, 1629)",100.0,100.0,47.57,0.0,6.78,success,
Object,Object_06_1.MOV,06,1,85,30.0,2.83,"(85, 1629)",100.0,100.0,41.18,0.0,5.44,success,
Object,Object_06_2.MOV,06,2,101,30.0,3.37,"(101, 1629)",100.0,100.0,50.5,0.0,6.72,success,
One to many,One to many_02_1.MOV,02,1,301,30.0,10.03,"(301, 1629)",100.0,100.0,36.88,42.19,19.95,success,
One to many,One to many_02_2.MOV,02,2,143,30.0,4.77,"(143, 1629)",100.0,100.0,35.66,32.17,12.25,success,
One to many,One to many_03_1.MOV,03,1,201,30.0,6.7,"(201, 1629)",100.0,100.0,26.87,23.38,12.42,success,
One to many,One to many_03_2.MOV,03,2,272,30.0,9.07,"(272, 1629)",100.0,100.0,33.82,38.6,12.73,success,
One to many,One to many_05_1.MOV,05,1,189,30.0,6.3,"(189, 1629)",100.0,100.0,30.16,29.63,10.23,success,
One to many,One to many_05_2.MOV,05,2,205,30.0,6.83,"(205, 1629)",100.0,100.0,32.68,31.22,13.47,success,
One to one,One to one_02_1.MOV,02,1,171,30.0,5.7,"(171, 1629)",100.0,100.0,55.56,24.56,11.15,success,
One to one,One to one_02_2.MOV,02,2,83,30.0,2.77,"(83, 1629)",100.0,100.0,37.35,16.87,8.1,success,
One to one,One to one_03_1.MOV,03,1,271,30.0,9.03,"(271, 1629)",100.0,100.0,50.18,21.4,19.29,success,
One to one,One to one_03_2.MOV,03,2,125,30.0,4.17,"(125, 1629)",100.0,100.0,36.8,17.6,8.89,success,
One to one,One to one_05_1.MOV,05,1,129,30.0,4.3,"(129, 1629)",100.0,100.0,48.84,20.16,12.26,success,
One to one,One to one_05_2.MOV,05,2,137,30.0,4.57,"(137, 1629)",100.0,100.0,37.23,17.52,6.81,success,
Operation,Operation_02_1.MOV,02,1,192,30.0,6.4,"(192, 1629)",100.0,100.0,64.06,30.73,7.08,success,
Operation,Operation_02_2.MOV,02,2,160,30.0,5.33,"(160, 1629)",100.0,100.0,60.62,35.62,9.64,success,
Operation,Operation_03_1.MOV,03,1,262,30.0,8.73,"(262, 1629)",100.0,100.0,53.05,23.28,19.3,success,
Operation,Operation_03_2.MOV,03,2,139,30.0,4.63,"(139, 1629)",100.0,100.0,49.64,21.58,9.93,success,
Operation,Operation_05_1.MOV,05,1,152,30.0,5.07,"(152, 1629)",100.0,100.0,54.61,24.34,8.21,success,
Operation,Operation_05_2.MOV,05,2,116,30.0,3.87,"(116, 1629)",100.0,100.0,46.55,20.69,6.82,success,
Order,Order_01_1.mov,01,1,120,30.0,4.0,"(120, 1629)",100.0,100.0,50.0,60.83,4.23,success,
Order,Order_01_2.mov,01,2,197,30.0,6.57,"(197, 1629)",100.0,100.0,52.79,63.96,6.92,success,
Order,Order_05_1.mov,05,1,133,30.0,4.43,"(133, 1629)",100.0,100.0,34.59,33.08,5.05,success,
Order,Order_05_2.mov,05,2,135,30.0,4.5,"(135, 1629)",100.0,100.0,43.7,42.96,9.22,success,
Order,Order_06_1.mov,06,1,99,30.0,3.3,"(99, 1629)",100.0,100.0,41.41,42.42,6.78,success,
Order,Order_06_2.mov,06,2,146,30.0,4.87,"(146, 1629)",100.0,100.0,40.41,49.32,12.31,success,
Page,Page_01_1.mov,01,1,140,30.0,4.67,"(140, 1629)",100.0,100.0,44.29,45.0,9.94,success,
Page,Page_01_2.mov,01,2,269,30.0,8.97,"(269, 1629)",100.0,100.0,44.61,50.56,17.06,success,
Page,Page_05_1.mov,05,1,113,30.0,3.77,"(113, 1629)",100.0,100.0,50.44,50.44,9.61,success,
Page,Page_05_2.mov,05,2,139,30.0,4.63,"(139, 1629)",100.0,100.0,65.47,63.31,8.67,success,
Page,Page_06_1.mov,06,1,99,30.0,3.3,"(99, 1629)",100.0,100.0,42.42,45.45,6.67,success,
Page,Page_06_2.mov,06,2,126,30.0,4.2,"(126, 1629)",100.0,100.0,58.73,58.73,9.46,success,
Pointer,Pointer_01_1.mov,01,1,127,30.0,4.23,"(127, 1629)",100.0,100.0,45.67,0.0,10.89,success,
Pointer,Pointer_01_2.mov,01,2,157,30.0,5.23,"(157, 1629)",100.0,100.0,71.97,0.0,10.16,success,
Pointer,Pointer_05_1.mov,05,1,105,30.0,3.5,"(105, 1629)",100.0,100.0,37.14,0.0,6.74,success,
Pointer,Pointer_05_2.mov,05,2,137,30.0,4.57,"(137, 1629)",100.0,100.0,59.12,0.0,9.23,success,
Pointer,Pointer_06_1.mov,06,1,85,30.0,2.83,"(85, 1629)",100.0,100.0,60.0,0.0,8.24,success,
Pointer,Pointer_06_2.mov,06,2,127,30.0,4.23,"(127, 1629)",100.0,100.0,55.12,0.79,8.29,success,
Primary key,Primary key_02_1.MOV,02,1,183,30.0,6.1,"(183, 1629)",100.0,100.0,77.05,0.0,11.35,success,
Primary key,Primary key_02_2.MOV,02,2,121,30.0,4.03,"(121, 1629)",100.0,100.0,55.37,0.0,7.66,success,
Primary key,Primary key_03_1.MOV,03,1,197,30.0,6.57,"(197, 1629)",100.0,100.0,54.82,0.0,14.9,success,
Primary key,Primary key_03_2.MOV,03,2,144,30.0,4.8,"(144, 1629)",100.0,100.0,44.44,0.0,8.96,success,
Primary key,Primary key_05_1.MOV,05,1,151,30.0,5.03,"(151, 1629)",100.0,100.0,47.68,0.0,9.58,success,
Primary key,Primary key_05_2.MOV,05,2,149,30.0,4.97,"(149, 1629)",100.0,100.0,42.28,0.0,12.34,success,
Priority,Priority_01_1.mov,01,1,167,30.0,5.57,"(167, 1629)",100.0,100.0,43.71,58.08,5.9,success,
Priority,Priority_01_2.mov,01,2,249,30.0,8.3,"(249, 1629)",100.0,100.0,59.04,34.54,8.67,success,
Priority,Priority_05_1.mov,05,1,136,30.0,4.53,"(136, 1629)",100.0,100.0,37.5,38.97,4.77,success,
Priority,Priority_05_2.mov,05,2,150,30.0,5.0,"(150, 1629)",100.0,100.0,44.67,42.67,5.29,success,
Priority,Priority_06_1.mov,06,1,134,30.0,4.47,"(134, 1629)",100.0,100.0,53.73,55.97,7.45,success,
Priority,Priority_06_2.mov,06,2,172,30.0,5.73,"(172, 1629)",100.0,100.0,62.21,67.44,6.12,success,
Private,private_03_1.MOV,03,1,103,30.0,3.43,"(103, 1629)",100.0,100.0,55.34,0.0,3.73,success,
Private,private_03_2.MOV,03,2,94,30.0,3.13,"(94, 1629)",100.0,100.0,36.17,0.0,3.81,success,
Private,private_05_1.MOV,05,1,126,30.0,4.2,"(126, 1629)",100.0,100.0,43.65,0.0,4.57,success,
Private,private_05_2.MOV,05,2,113,30.0,3.77,"(113, 1629)",100.0,100.0,38.94,0.0,4.06,success,
Private,private_06_1.MOV,06,1,93,30.0,3.1,"(93, 1629)",100.0,100.0,33.33,0.0,3.4,success,
Private,private_06_2.MOV,06,2,89,30.0,2.97,"(89, 1629)",100.0,100.0,35.96,0.0,5.96,success,
Procedure,procedure_01_1.MOV,01,1,228,30.0,7.6,"(228, 1629)",100.0,100.0,72.81,73.25,7.86,success,
Procedure,procedure_01_2.MOV,01,2,128,30.0,4.27,"(128, 1629)",100.0,100.0,49.22,53.91,4.52,success,
Procedure,procedure_02_1.MOV,02,1,207,30.0,6.9,"(207, 1629)",100.0,100.0,79.23,79.23,7.27,success,
Procedure,procedure_02_2.MOV,02,2,100,30.0,3.33,"(100, 1629)",100.0,100.0,67.0,62.0,3.6,success,
Procedure,procedure_07_1.mp4,07,1,194,59.94,3.24,"(194, 1629)",100.0,100.0,78.87,81.44,4.27,success,
Produce,produce_01_1.MOV,01,1,183,30.0,6.1,"(183, 1629)",100.0,100.0,61.75,61.2,9.13,success,
Produce,Produce_01_2.MOV,01,2,133,30.0,4.43,"(133, 1629)",100.0,100.0,71.43,66.17,4.75,success,
Produce,produce_02_1.MOV,02,1,164,30.0,5.47,"(164, 1629)",100.0,100.0,54.27,72.56,5.82,success,
Produce,Produce_02_2.MOV,02,2,102,30.0,3.4,"(102, 1629)",100.0,100.0,99.02,99.02,3.74,success,
Produce,produce_07_1.mp4,07,1,198,59.94,3.3,"(198, 1629)",100.0,100.0,75.25,65.66,4.43,success,
Program,program_01_1.mov,01,1,188,30.0,6.27,"(188, 1629)",100.0,100.0,38.3,54.26,6.61,success,
Program,program_01_2.mov,01,2,260,30.0,8.67,"(260, 1629)",100.0,100.0,50.38,67.69,11.7,success,
Program,program_02_1.mov,02,1,228,30.0,7.6,"(228, 1629)",100.0,100.0,37.28,35.96,7.86,success,
Program,program_02_2.mov,02,2,243,30.0,8.1,"(243, 1629)",100.0,100.0,49.79,54.32,8.41,success,
Program,program_05_1.mov,05,1,197,30.0,6.57,"(197, 1629)",100.0,100.0,48.73,44.16,7.13,success,
Program,program_05_2.mov,05,2,177,30.0,5.9,"(177, 1629)",100.0,100.0,58.76,52.54,15.17,success,
Prompt,Prompt_02_1.mov,02,1,116,30.0,3.87,"(116, 1629)",100.0,100.0,48.28,44.83,7.95,success,
Prompt,Prompt_02_2.mov,02,2,167,30.0,5.57,"(167, 1629)",100.0,100.0,55.69,53.29,12.69,success,
Prompt,Prompt_03_1.mov,03,1,133,30.0,4.43,"(133, 1629)",100.0,100.0,40.6,38.35,12.42,success,
Prompt,Prompt_03_2.mov,03,2,197,30.0,6.57,"(197, 1629)",100.0,100.0,55.84,56.35,9.57,success,
Prompt,Prompt_05_1.mov,05,1,153,30.0,5.1,"(153, 1629)",100.0,100.0,45.1,41.18,5.42,success,
Prompt,Prompt_05_2.mov,05,2,181,30.0,6.03,"(181, 1629)",100.0,100.0,53.59,46.41,6.3,success,
Public,public_03_1.MOV,03,1,142,30.0,4.73,"(142, 1629)",100.0,100.0,51.41,54.23,7.75,success,
Public,public_03_2.MOV,03,2,105,30.0,3.5,"(105, 1629)",100.0,100.0,51.43,47.62,3.86,success,
Public,public_05_1.MOV,05,1,131,30.0,4.37,"(131, 1629)",100.0,100.0,51.91,51.15,4.66,success,
Public,public_05_2.MOV,05,2,116,30.0,3.87,"(116, 1629)",100.0,100.0,50.0,48.28,4.17,success,
Public,public_06_1.MOV,06,1,109,30.0,3.63,"(109, 1629)",100.0,100.0,36.7,35.78,3.97,success,
Public,public_06_2.MOV,06,2,110,30.0,3.67,"(110, 1629)",100.0,100.0,32.73,34.55,4.13,success,
Queue,Queue_01_1.mov,01,1,161,30.0,5.37,"(161, 1629)",100.0,100.0,36.65,43.48,5.95,success,
Queue,Queue_01_2.mov,01,2,232,30.0,7.73,"(232, 1629)",100.0,100.0,39.22,55.17,15.83,success,
Queue,Queue_05_1.mov,05,1,106,30.0,3.53,"(106, 1629)",100.0,100.0,29.25,29.25,7.34,success,
Queue,Queue_05_2.mov,05,2,109,30.0,3.63,"(109, 1629)",100.0,100.0,29.36,32.11,7.17,success,
Queue,Queue_06_1.mov,06,1,102,30.0,3.4,"(102, 1629)",100.0,100.0,34.31,33.33,6.77,success,
Queue,Queue_06_2.mov,06,2,104,30.0,3.47,"(104, 1629)",100.0,100.0,44.23,37.5,9.32,success,
Rear,Rear_01_1.mov,01,1,179,30.0,5.97,"(179, 1629)",100.0,100.0,45.81,0.0,10.92,success,
Rear,Rear_01_2.mov,01,2,121,30.0,4.03,"(121, 1629)",100.0,100.0,26.45,0.0,7.52,success,
Rear,Rear_05_1.mov,05,1,106,30.0,3.53,"(106, 1629)",100.0,100.0,34.91,0.0,6.53,success,
Rear,Rear_05_2.mov,05,2,126,30.0,4.2,"(126, 1629)",100.0,100.0,45.24,0.0,10.45,success,
Rear,Rear_06_1.mov,06,1,98,30.0,3.27,"(98, 1629)",100.0,100.0,23.47,0.0,6.24,success,
Rear,Rear_06_2.mov,06,2,122,30.0,4.07,"(122, 1629)",100.0,100.0,36.07,0.0,7.67,success,
Rectangle,rectangle_01_1.MOV,01,1,162,30.0,5.4,"(162, 1629)",100.0,100.0,51.23,50.0,10.04,success,
Rectangle,rectangle_01_2.MOV,01,2,93,30.0,3.1,"(93, 1629)",100.0,100.0,46.24,41.94,8.68,success,
Rectangle,rectangle_02_1.MOV,02,1,192,30.0,6.4,"(192, 1629)",100.0,100.0,55.73,57.29,13.47,success,
Rectangle,rectangle_02_2.MOV,02,2,102,30.0,3.4,"(102, 1629)",100.0,100.0,47.06,44.12,6.07,success,
Rectangle,rectangle_07_1.mp4,07,1,69,25.0,2.76,"(69, 1629)",100.0,100.0,63.77,62.32,1.69,success,
Relation,Relation_02_1.MOV,02,1,197,30.0,6.57,"(197, 1629)",100.0,100.0,53.81,34.52,6.94,success,
Relation,Relation_02_2.MOV,02,2,142,30.0,4.73,"(142, 1629)",100.0,100.0,51.41,33.1,10.65,success,
Relation,Relation_03_1.MOV,03,1,146,30.0,4.87,"(146, 1629)",100.0,100.0,57.53,19.86,9.22,success,
Relation,Relation_03_2.MOV,03,2,100,30.0,3.33,"(100, 1629)",100.0,100.0,43.0,32.0,6.39,success,
Relation,Relation_05_1.mov,05,1,172,30.0,5.73,"(172, 1629)",100.0,100.0,55.23,48.26,10.73,success,
Relation,Relation_05_2.mov,05,2,202,30.0,6.73,"(202, 1629)",100.0,100.0,44.55,42.57,15.82,success,
Represent,Represent_01_1.MOV,01,1,181,30.0,6.03,"(181, 1629)",100.0,100.0,44.75,18.78,12.71,success,
Represent,Represent_01_2.MOV,01,2,95,30.0,3.17,"(95, 1629)",100.0,100.0,35.79,15.79,6.18,success,
Represent,Represent_02_1.MOV,02,1,166,30.0,5.53,"(166, 1629)",100.0,100.0,72.29,45.78,14.87,success,
Represent,Represent_02_2.MOV,02,2,84,30.0,2.8,"(84, 1629)",100.0,100.0,71.43,51.19,3.42,success,
Represent,Represent_07_1.mp4,07,1,75,30.0,2.5,"(75, 1629)",100.0,100.0,66.67,60.0,3.01,success,
Reserved,Reserved_02_1.mov,02,1,112,30.0,3.73,"(112, 1629)",100.0,100.0,40.18,0.89,4.01,success,
Reserved,Reserved_02_2.mov,02,2,146,30.0,4.87,"(146, 1629)",100.0,100.0,38.36,5.48,5.12,success,
Reserved,Reserved_03_1.mov,03,1,98,30.0,3.27,"(98, 1629)",100.0,100.0,41.84,23.47,3.68,success,
Reserved,Reserved_03_2.mov,03,2,152,30.0,5.07,"(152, 1629)",100.0,100.0,49.34,37.5,9.65,success,
Reserved,Reserved_06_1.mov,06,1,88,30.0,2.93,"(88, 1629)",100.0,100.0,34.09,31.82,6.33,success,
Reserved,Reserved_06_2.mov,06,2,116,30.0,3.87,"(116, 1629)",100.0,100.0,41.38,32.76,8.34,success,
Row,row_01_1.MOV,01,1,124,30.0,4.13,"(124, 1629)",100.0,100.0,0.0,60.48,8.8,success,
Row,row_01_2.MOV,01,2,80,30.0,2.67,"(80, 1629)",100.0,100.0,0.0,27.5,8.61,success,
Row,row_02_1.MOV,02,1,101,30.0,3.37,"(101, 1629)",100.0,100.0,0.0,65.35,7.45,success,
Row,row_02_2.MOV,02,2,55,30.0,1.83,"(55, 1629)",100.0,100.0,0.0,56.36,4.17,success,
Row,row_07_1.mp4,07,1,194,59.94,3.24,"(194, 1629)",100.0,100.0,73.2,100.0,7.21,success,
Rules,Rules_02_1.mov,02,1,148,30.0,4.93,"(148, 1629)",100.0,100.0,33.78,0.0,9.83,success,
Rules,Rules_02_2.mov,02,2,176,30.0,5.87,"(176, 1629)",100.0,100.0,40.34,0.0,14.11,success,
Rules,Rules_03_1.mov,03,1,134,30.0,4.47,"(134, 1629)",100.0,100.0,50.0,0.0,8.9,success,
Rules,Rules_03_2.mov,03,2,207,30.0,6.9,"(207, 1629)",100.0,100.0,65.7,0.0,14.46,success,
Rules,Rules_06_1.mov,06,1,98,30.0,3.27,"(98, 1629)",100.0,100.0,48.98,0.0,9.17,success,
Rules,Rules_06_2.mov,06,2,119,30.0,3.97,"(119, 1629)",100.0,100.0,59.66,0.0,8.17,success,
Run,Run_02_1.mov,02,1,83,30.0,2.77,"(83, 1629)",100.0,100.0,34.94,37.35,5.78,success,
Run,Run_02_2.mov,02,2,113,30.0,3.77,"(113, 1629)",100.0,100.0,46.9,48.67,7.63,success,
Run,Run_03_1.mov,03,1,107,30.0,3.57,"(107, 1629)",100.0,100.0,41.12,40.19,7.46,success,
Run,Run_03_2.mov,03,2,178,30.0,5.93,"(178, 1629)",100.0,100.0,45.51,46.07,14.29,success,
Run,Run_05_1.mov,05,1,134,30.0,4.47,"(134, 1629)",100.0,100.0,27.61,26.12,9.29,success,
Run,Run_05_2.mov,05,2,148,30.0,4.93,"(148, 1629)",100.0,100.0,45.27,45.27,10.99,success,
Run time error,Run time error_02_1.mov,02,1,159,30.0,5.3,"(159, 1629)",100.0,100.0,63.52,0.0,14.14,success,
Run time error,Run time error_02_2.mov,02,2,123,30.0,4.1,"(123, 1629)",100.0,100.0,48.78,0.0,8.37,success,
Run time error,Run time error_03_1.mov,03,1,176,30.0,5.87,"(176, 1629)",100.0,100.0,60.23,0.0,11.65,success,
Run time error,Run time error_03_2.mov,03,2,159,30.0,5.3,"(159, 1629)",100.0,100.0,60.38,0.0,13.65,success,
Run time error,Run time error_05_1.mov,05,1,114,30.0,3.8,"(114, 1629)",100.0,100.0,44.74,0.0,7.19,success,
Run time error,Run time error_05_2.mov,05,2,128,30.0,4.27,"(128, 1629)",100.0,100.0,62.5,0.0,8.59,success,
Semicolon,Semicolon_01_1.mov,01,1,123,30.0,4.1,"(123, 1629)",100.0,100.0,40.65,0.0,8.68,success,
Semicolon,Semicolon_01_2.mov,01,2,242,30.0,8.07,"(242, 1629)",100.0,100.0,60.74,0.0,18.28,success,
Semicolon,Semicolon_05_1.mov,05,1,114,30.0,3.8,"(114, 1629)",100.0,100.0,31.58,0.0,8.12,success,
Semicolon,Semicolon_05_2.mov,05,2,110,30.0,3.67,"(110, 1629)",100.0,100.0,50.0,0.0,7.21,success,
Semicolon,Semicolon_06_1.mov,06,1,91,30.0,3.03,"(91, 1629)",100.0,100.0,48.35,0.0,7.26,success,
Semicolon,Semicolon_06_2.mov,06,2,101,30.0,3.37,"(101, 1629)",100.0,100.0,56.44,0.0,3.71,success,
Sequence,Sequence_01_1.mov,01,1,148,30.0,4.93,"(148, 1629)",100.0,100.0,39.86,27.03,5.39,success,
Sequence,Sequence_01_2.mov,01,2,100,30.0,3.33,"(100, 1629)",100.0,100.0,37.0,25.0,6.24,success,
Sequence,Sequence_05_1.mov,05,1,126,30.0,4.2,"(126, 1629)",100.0,100.0,46.83,40.48,8.33,success,
Sequence,Sequence_05_2.mov,05,2,108,30.0,3.6,"(108, 1629)",100.0,100.0,37.04,37.04,7.37,success,
Sequence,Sequence_06_1.mov,06,1,107,30.0,3.57,"(107, 1629)",100.0,100.0,39.25,43.93,9.89,success,
Sequence,Sequence_06_2.mov,06,2,126,30.0,4.2,"(126, 1629)",100.0,100.0,53.17,52.38,8.2,success,
Server,Server_01_1.mov,01,1,160,30.0,5.33,"(160, 1629)",100.0,100.0,54.37,51.88,10.85,success,
Server,Server_01_2.mov,01,2,203,30.0,6.77,"(203, 1629)",100.0,100.0,79.31,77.34,15.44,success,
Server,Server_02_1.mov,02,1,212,30.0,7.07,"(212, 1629)",100.0,100.0,73.11,60.38,16.73,success,
Server,Server_02_2.mov,02,2,379,30.0,12.63,"(379, 1629)",100.0,100.0,67.02,60.42,24.99,success,
Server,Server_07_1.mp4,07,1,156,30.0,5.2,"(156, 1629)",100.0,100.0,79.49,78.21,8.6,success,
Simple_Basic,Simple_Basic_01_1.MOV,01,1,158,30.0,5.27,"(158, 1629)",100.0,100.0,0.0,59.49,10.14,success,
Simple_Basic,Simple_Basic_01_2.MOV,01,2,85,30.0,2.83,"(85, 1629)",100.0,100.0,0.0,45.88,5.7,success,
Simple_Basic,Simple_Basic_02_1.MOV,02,1,225,30.0,7.5,"(225, 1629)",100.0,100.0,0.0,46.67,14.62,success,
Simple_Basic,Simple_Basic_02_2.MOV,02,2,96,30.0,3.2,"(96, 1629)",100.0,100.0,0.0,44.79,8.99,success,
Simple_Basic,Simple_Basic_07_1.mp4,07,1,168,59.94,2.8,"(168, 1629)",100.0,100.0,0.0,68.45,6.39,success,
Size,size_03_1.MOV,03,1,135,30.0,4.5,"(135, 1629)",100.0,100.0,49.63,48.89,9.22,success,
Size,size_03_2.MOV,03,2,118,30.0,3.93,"(118, 1629)",100.0,100.0,44.92,44.92,7.91,success,
Size,size_05_1.MOV,05,1,129,30.0,4.3,"(129, 1629)",100.0,100.0,28.68,28.68,8.48,success,
Size,size_05_2.MOV,05,2,123,30.0,4.1,"(123, 1629)",100.0,100.0,44.72,43.9,10.95,success,
Size,size_06_1.MOV,06,1,118,30.0,3.93,"(118, 1629)",100.0,100.0,40.68,41.53,7.97,success,
Size,size_06_2.MOV,06,2,105,30.0,3.5,"(105, 1629)",100.0,100.0,36.19,35.24,7.09,success,
Small,Small_01_1.mov,01,1,111,30.0,3.7,"(111, 1629)",100.0,100.0,39.64,23.42,7.7,success,
Small,Small_01_2.mov,01,2,159,30.0,5.3,"(159, 1629)",100.0,100.0,50.94,19.5,13.44,success,
Small,Small_05_1.mov,05,1,105,30.0,3.5,"(105, 1629)",100.0,100.0,34.29,31.43,7.47,success,
Small,Small_05_2.mov,05,2,126,30.0,4.2,"(126, 1629)",100.0,100.0,39.68,36.51,9.28,success,
Small,Small_06_1.mov,06,1,75,30.0,2.5,"(75, 1629)",100.0,100.0,37.33,37.33,6.13,success,
Small,Small_06_2.mov,06,2,113,30.0,3.77,"(113, 1629)",100.0,100.0,40.71,40.71,11.08,success,
Source,Source_02_1.mov,02,1,96,30.0,3.2,"(96, 1629)",100.0,100.0,35.42,25.0,7.68,success,
Source,Source_02_2.mov,02,2,166,30.0,5.53,"(166, 1629)",100.0,100.0,55.42,31.33,11.51,success,
Source,Source_03_1.mov,03,1,123,30.0,4.1,"(123, 1629)",100.0,100.0,28.46,33.33,8.14,success,
Source,Source_03_2.mov,03,2,186,30.0,6.2,"(186, 1629)",100.0,100.0,45.16,51.61,16.37,success,
Source,Source_05_1.mov,05,1,122,30.0,4.07,"(122, 1629)",100.0,100.0,34.43,27.05,9.18,success,
Source,Source_05_2.mov,05,2,140,30.0,4.67,"(140, 1629)",100.0,100.0,45.0,37.14,9.79,success,
Specify,specify_03_1.MOV,03,1,128,30.0,4.27,"(128, 1629)",100.0,100.0,27.34,39.06,11.33,success,
Specify,specify_03_2.MOV,03,2,92,30.0,3.07,"(92, 1629)",100.0,100.0,18.48,31.52,6.3,success,
Specify,specify_05_1.MOV,05,1,122,30.0,4.07,"(122, 1629)",100.0,100.0,15.57,23.77,8.36,success,
Specify,specify_05_2.MOV,05,2,129,30.0,4.3,"(129, 1629)",100.0,100.0,30.23,37.21,8.78,success,
Specify,specify_06_1.MOV,06,1,98,30.0,3.27,"(98, 1629)",100.0,100.0,37.76,33.67,10.15,success,
Specify,specify_06_2.MOV,06,2,97,30.0,3.23,"(97, 1629)",100.0,100.0,26.8,27.84,6.92,success,
Stack,Stack_01_1.mov,01,1,134,30.0,4.47,"(134, 1629)",100.0,100.0,62.69,36.57,8.63,success,
Stack,Stack_01_2.mov,01,2,243,30.0,8.1,"(243, 1629)",100.0,100.0,59.67,37.86,15.81,success,
Stack,Stack_02_1.mov,02,1,103,30.0,3.43,"(103, 1629)",100.0,100.0,65.05,39.81,9.57,success,
Stack,Stack_02_2.mov,02,2,186,30.0,6.2,"(186, 1629)",100.0,100.0,75.81,48.92,12.39,success,
Stack,Stack_07_1.mp4,07,1,103,30.0,3.43,"(103, 1629)",100.0,100.0,73.79,64.08,4.03,success,
Start,Start_01_1.mov,01,1,133,30.0,4.43,"(133, 1629)",100.0,100.0,43.61,38.35,8.97,success,
Start,Start_01_2.mov,01,2,187,30.0,6.23,"(187, 1629)",100.0,100.0,47.06,40.64,16.07,success,
Start,Start_05_1.mov,05,1,121,30.0,4.03,"(121, 1629)",100.0,100.0,38.84,32.23,8.9,success,
Start,Start_05_2.mov,05,2,129,30.0,4.3,"(129, 1629)",100.0,100.0,50.39,50.39,9.38,success,
Start,Start_06_1.mov,06,1,81,30.0,2.7,"(81, 1629)",100.0,100.0,43.21,39.51,9.03,success,
Start,Start_06_2.mov,06,2,130,30.0,4.33,"(130, 1629)",100.0,100.0,56.15,54.62,9.82,success,
Step,Step_01_1.mov,01,1,151,30.0,5.03,"(151, 1629)",100.0,100.0,28.48,11.92,10.24,success,
Step,Step_01_2.mov,01,2,242,30.0,8.07,"(242, 1629)",100.0,100.0,42.56,28.51,17.19,success,
Step,Step_05_1.mov,05,1,129,30.0,4.3,"(129, 1629)",100.0,100.0,50.39,44.19,11.61,success,
Step,Step_05_2.mov,05,2,152,30.0,5.07,"(152, 1629)",100.0,100.0,55.26,51.97,11.01,success,
Step,Step_06_1.mov,06,1,123,30.0,4.1,"(123, 1629)",100.0,100.0,41.46,36.59,8.86,success,
Step,Step_06_2.mov,06,2,130,30.0,4.33,"(130, 1629)",100.0,100.0,48.46,62.31,8.66,success,
store,store_01_1.mov,01,1,147,30.0,4.9,"(147, 1629)",100.0,100.0,48.98,36.73,12.35,success,
store,store_01_2.mov,01,2,218,30.0,7.27,"(218, 1629)",100.0,100.0,52.75,38.99,15.39,success,
store,store_02_1.mov,02,1,205,30.0,6.83,"(205, 1629)",100.0,100.0,36.1,37.07,13.43,success,
store,store_02_2.mov,02,2,233,30.0,7.77,"(233, 1629)",100.0,100.0,51.5,52.36,17.62,success,
store,store_05_1.mov,05,1,177,30.0,5.9,"(177, 1629)",100.0,100.0,32.2,37.85,11.6,success,
store,store_05_2.mov,05,2,171,30.0,5.7,"(171, 1629)",100.0,100.0,40.94,44.44,11.09,success,
Straightforward- clear,Straightforward- clear_01_1.mov,01,1,120,30.0,4.0,"(120, 1629)",100.0,100.0,28.33,27.5,10.6,success,
Straightforward- clear,Straightforward- clear_01_2.mov,01,2,231,30.0,7.7,"(231, 1629)",100.0,100.0,44.16,33.77,14.96,success,
Straightforward- clear,Straightforward- clear_02_1.mov,02,1,93,30.0,3.1,"(93, 1629)",100.0,100.0,36.56,36.56,6.35,success,
Straightforward- clear,Straightforward- clear_02_2.mov,02,2,177,30.0,5.9,"(177, 1629)",100.0,100.0,49.15,51.41,12.47,success,
Straightforward- clear,Straightforward- clear_07_1.mp4,07,1,60,25.0,2.4,"(60, 1629)",100.0,100.0,63.33,61.67,4.95,success,
String,String_01_1.mov,01,1,119,30.0,3.97,"(119, 1629)",100.0,100.0,42.02,31.93,8.54,success,
String,String_01_2.mov,01,2,212,30.0,7.07,"(212, 1629)",100.0,100.0,49.06,41.04,13.74,success,
String,String_05_1.mov,05,1,115,30.0,3.83,"(115, 1629)",100.0,100.0,38.26,36.52,7.88,success,
String,String_05_2.mov,05,2,136,30.0,4.53,"(136, 1629)",100.0,100.0,48.53,45.59,12.15,success,
String,String_06_1.mov,06,1,104,30.0,3.47,"(104, 1629)",100.0,100.0,53.85,55.77,7.83,success,
String,String_06_2.mov,06,2,128,30.0,4.27,"(128, 1629)",100.0,100.0,57.81,57.81,9.01,success,
Strong,strong_01_1.MOV,01,1,136,30.0,4.53,"(136, 1629)",100.0,100.0,38.97,0.0,8.9,success,
Strong,strong_01_2.MOV,01,2,102,30.0,3.4,"(102, 1629)",100.0,100.0,21.57,0.0,9.63,success,
Strong,strong_02_1.MOV,02,1,144,30.0,4.8,"(144, 1629)",100.0,100.0,38.89,0.0,9.32,success,
Strong,strong_02_2.MOV,02,2,78,30.0,2.6,"(78, 1629)",100.0,100.0,32.05,0.0,5.14,success,
Strong,strong_07_1.mp4,07,1,49,25.0,1.96,"(49, 1629)",100.0,100.0,0.0,48.98,1.94,success,
Structure,Structure_02_1.MOV,02,1,203,30.0,6.77,"(203, 1629)",100.0,100.0,53.2,60.59,13.15,success,
Structure,Structure_02_2.MOV,02,2,147,30.0,4.9,"(147, 1629)",100.0,100.0,48.3,57.82,12.82,success,
Structure,Structure_03_1.MOV,03,1,231,30.0,7.7,"(231, 1629)",100.0,100.0,57.58,49.35,15.8,success,
Structure,Structure_03_2.MOV,03,2,121,30.0,4.03,"(121, 1629)",100.0,100.0,55.37,47.11,8.46,success,
Structure,Structure_07_1.mp4,07,1,206,59.94,3.44,"(206, 1629)",100.0,100.0,77.18,77.67,7.41,success,
Student,Student_01_1.MOV,01,1,217,30.0,7.23,"(217, 1629)",100.0,100.0,0.0,58.99,7.84,success,
Student,student_01_2.MOV,01,2,136,30.0,4.53,"(136, 1629)",100.0,100.0,0.0,36.03,4.89,success,
Student,student_02_1.MOV,02,1,128,30.0,4.27,"(128, 1629)",100.0,100.0,0.0,48.44,4.57,success,
Student,student_02_2.MOV,02,2,214,30.0,7.13,"(214, 1629)",100.0,100.0,0.0,66.82,7.5,success,
Student,student_07_1.mp4,07,1,49,25.0,1.96,"(49, 1629)",100.0,100.0,0.0,63.27,1.27,success,
Subtract,Subtract_01_1.mov,01,1,105,30.0,3.5,"(105, 1629)",100.0,100.0,29.52,0.0,6.51,success,
Subtract,Subtract_01_2.mov,01,2,157,30.0,5.23,"(157, 1629)",100.0,100.0,43.95,0.0,5.51,success,
Subtract,Subtract_05_1.mov,05,1,104,30.0,3.47,"(104, 1629)",100.0,100.0,21.15,0.0,3.71,success,
Subtract,Subtract_05_2.mov,05,2,100,30.0,3.33,"(100, 1629)",100.0,100.0,34.0,0.0,3.6,success,
Subtract,Subtract_06_1.mov,06,1,85,30.0,2.83,"(85, 1629)",100.0,100.0,24.71,0.0,3.09,success,
Subtract,Subtract_06_2.mov,06,2,83,30.0,2.77,"(83, 1629)",100.0,100.0,38.55,0.0,3.05,success,
Super key,Super Key_02_1.mov,02,1,117,30.0,3.9,"(117, 1629)",100.0,100.0,68.38,0.0,4.11,success,
Super key,Super Key_02_2.mov,02,2,199,30.0,6.63,"(199, 1629)",100.0,100.0,77.39,0.0,6.92,success,
Super key,Super Key_03_1.mov,03,1,151,30.0,5.03,"(151, 1629)",100.0,100.0,43.05,0.0,8.15,success,
Super key,Super Key_03_2.mov,03,2,274,30.0,9.13,"(274, 1629)",100.0,100.0,49.64,0.0,14.47,success,
Super key,Super Key_05_1.mov,05,1,143,30.0,4.77,"(143, 1629)",100.0,100.0,46.85,0.7,9.73,success,
Super key,Super Key_05_2.mov,05,2,165,30.0,5.5,"(165, 1629)",100.0,100.0,53.94,0.61,8.21,success,
System,system_03_1.mov,03,1,110,30.0,3.67,"(110, 1629)",100.0,100.0,44.55,47.27,10.22,success,
System,system_03_2.mov,03,2,151,30.0,5.03,"(151, 1629)",100.0,100.0,52.32,55.63,10.43,success,
System,system_05_1.mov,05,1,125,30.0,4.17,"(125, 1629)",100.0,100.0,36.0,30.4,7.84,success,
System,system_05_2.mov,05,2,137,30.0,4.57,"(137, 1629)",100.0,100.0,50.36,44.53,8.96,success,
System,system_06_1.mov,06,1,111,30.0,3.7,"(111, 1629)",100.0,100.0,33.33,35.14,10.76,success,
System,system_06_2.mov,06,2,127,30.0,4.23,"(127, 1629)",100.0,100.0,36.22,37.8,9.75,success,
Table,table_01_1.MOV,01,1,195,30.0,6.5,"(195, 1629)",100.0,100.0,30.26,58.97,14.29,success,
Table,table_01_2.MOV,01,2,102,30.0,3.4,"(102, 1629)",100.0,100.0,28.43,52.94,9.62,success,
Table,Table_02_1.MOV,02,1,123,30.0,4.1,"(123, 1629)",100.0,100.0,45.53,59.35,8.42,success,
Table,table_02_2.MOV,02,2,112,30.0,3.73,"(112, 1629)",100.0,100.0,51.79,60.71,7.63,success,
Table,table_07_1.mp4,07,1,212,59.94,3.54,"(212, 1629)",100.0,100.0,70.75,84.91,8.23,success,
Template,Template_01_1.MOV,01,1,82,30.0,2.73,"(82, 1629)",100.0,100.0,40.24,32.93,8.2,success,
Template,Template_01_2.MOV,01,2,139,30.0,4.63,"(139, 1629)",100.0,100.0,51.8,38.13,9.35,success,
Template,Template_02_1.MOV,02,1,145,30.0,4.83,"(145, 1629)",100.0,100.0,53.79,51.03,9.66,success,
Template,Template_02_2.MOV,02,2,62,30.0,2.07,"(62, 1629)",100.0,100.0,45.16,45.16,4.46,success,
Template,Template_07_1.mp4,07,1,66,29.97,2.2,"(66, 1629)",100.0,100.0,60.61,66.67,4.13,success,
Terminate-end,Terminate-end_01_1.mov,01,1,133,30.0,4.43,"(133, 1629)",100.0,100.0,42.86,60.15,11.36,success,
Terminate-end,Terminate-end_01_2.mov,01,2,215,30.0,7.17,"(215, 1629)",100.0,100.0,47.91,69.3,14.2,success,
Terminate-end,Terminate-end_02_1.mov,02,1,278,30.0,9.27,"(278, 1629)",100.0,100.0,44.24,68.71,18.68,success,
Terminate-end,Terminate-end_02_2.mov,02,2,213,30.0,7.1,"(213, 1629)",100.0,100.0,38.5,50.7,17.09,success,
Terminate-end,Terminate-end_05_1.mov,05,1,180,30.0,6.0,"(180, 1629)",100.0,100.0,33.89,30.0,12.04,success,
Terminate-end,Terminate-end_05_2.mov,05,2,175,30.0,5.83,"(175, 1629)",100.0,100.0,52.0,48.57,12.34,success,
Ternary,Ternary_02_1.mov,02,1,169,30.0,5.63,"(169, 1629)",100.0,100.0,67.46,8.88,14.56,success,
Ternary,Ternary_02_2.mov,02,2,322,30.0,10.73,"(322, 1629)",100.0,100.0,75.78,13.66,21.12,success,
Ternary,Ternary_03_1.mov,03,1,201,30.0,6.7,"(201, 1629)",100.0,100.0,63.68,18.91,10.95,success,
Ternary,Ternary_03_2.mov,03,2,307,30.0,10.23,"(307, 1629)",100.0,100.0,66.45,23.45,14.08,success,
Ternary,Ternary_05_1.mov,05,1,203,30.0,6.77,"(203, 1629)",100.0,100.0,39.41,5.91,13.09,success,
Ternary,Ternary_05_2.mov,05,2,227,30.0,7.57,"(227, 1629)",100.0,100.0,43.17,14.98,17.66,success,
Top,top_03_1.MOV,03,1,143,30.0,4.77,"(143, 1629)",100.0,100.0,53.15,30.07,10.21,success,
Top,top_03_2.MOV,03,2,127,30.0,4.23,"(127, 1629)",100.0,100.0,44.09,25.98,9.08,success,
Top,top_05_1.MOV,05,1,190,30.0,6.33,"(190, 1629)",100.0,100.0,45.79,27.37,15.45,success,
Top,top_05_2.MOV,05,2,149,30.0,4.97,"(149, 1629)",100.0,100.0,27.52,22.82,9.88,success,
Top,top_06_1.MOV,06,1,132,30.0,4.4,"(132, 1629)",100.0,100.0,50.0,34.85,8.87,success,
Top,top_06_2.MOV,06,2,111,30.0,3.7,"(111, 1629)",100.0,100.0,38.74,34.23,8.96,success,
Total-Summation,Total-Summation_01_1.mov,01,1,107,30.0,3.57,"(107, 1629)",100.0,100.0,45.79,45.79,7.18,success,
Total-Summation,Total-Summation_01_2.mov,01,2,188,30.0,6.27,"(188, 1629)",100.0,100.0,46.81,46.28,12.26,success,
Total-Summation,Total-Summation_05_1.mov,05,1,115,30.0,3.83,"(115, 1629)",100.0,100.0,27.83,25.22,7.41,success,
Total-Summation,Total-Summation_05_2.mov,05,2,123,30.0,4.1,"(123, 1629)",100.0,100.0,32.52,30.89,10.6,success,
Total-Summation,Total-Summation_06_1.mov,06,1,113,30.0,3.77,"(113, 1629)",100.0,100.0,37.17,34.51,7.51,success,
Total-Summation,Total-Summation_06_2.mov,06,2,119,30.0,3.97,"(119, 1629)",100.0,100.0,49.58,47.9,7.83,success,
Transaction,Transaction_01_1.mov,01,1,100,30.0,3.33,"(100, 1629)",100.0,100.0,32.0,34.0,6.97,success,
Transaction,Transaction_01_2.mov,01,2,164,30.0,5.47,"(164, 1629)",100.0,100.0,16.46,34.15,14.68,success,
Transaction,Transaction_05_1.mov,05,1,101,30.0,3.37,"(101, 1629)",100.0,100.0,32.67,0.0,7.35,success,
Transaction,Transaction_05_2.mov,05,2,111,30.0,3.7,"(111, 1629)",100.0,100.0,45.95,0.0,8.13,success,
Transaction,Transaction_06_1.mov,06,1,73,30.0,2.43,"(73, 1629)",100.0,100.0,19.18,0.0,5.07,success,
Transaction,Transaction_06_2.mov,06,2,89,30.0,2.97,"(89, 1629)",100.0,100.0,41.57,0.0,8.8,success,
Transform,Transform_01_1.mov,01,1,82,30.0,2.73,"(82, 1629)",100.0,100.0,36.59,0.0,6.11,success,
Transform,Transform_01_2.mov,01,2,196,30.0,6.53,"(196, 1629)",100.0,100.0,46.43,0.0,13.86,success,
Transform,Transform_02_1.mov,02,1,89,30.0,2.97,"(89, 1629)",100.0,100.0,38.2,0.0,6.13,success,
Transform,Transform_02_2.mov,02,2,193,30.0,6.43,"(193, 1629)",100.0,100.0,54.92,0.0,14.89,success,
Transform,Transform_07_1.mp4,07,1,54,25.0,2.16,"(54, 1629)",100.0,100.0,0.0,64.81,2.23,success,
Under-down-below,Under-down-below_01_1.mov,01,1,121,30.0,4.03,"(121, 1629)",100.0,100.0,34.71,0.0,7.48,success,
Under-down-below,Under-down-below_01_2.mov,01,2,167,30.0,5.57,"(167, 1629)",100.0,100.0,47.31,0.0,10.14,success,
Under-down-below,Under-down-below_05_1.mov,05,1,84,30.0,2.8,"(84, 1629)",100.0,100.0,28.57,0.0,8.28,success,
Under-down-below,Under-down-below_05_2.mov,05,2,106,30.0,3.53,"(106, 1629)",100.0,100.0,49.06,0.0,6.78,success,
Under-down-below,Under-down-below_06_1.mov,06,1,89,30.0,2.97,"(89, 1629)",100.0,100.0,33.71,0.0,5.83,success,
Under-down-below,Under-down-below_06_2.mov,06,2,94,30.0,3.13,"(94, 1629)",100.0,100.0,45.74,0.0,6.13,success,
Union,union_01_1.MOV,01,1,121,30.0,4.03,"(121, 1629)",100.0,100.0,41.32,41.32,7.93,success,
Union,union_01_2.MOV,01,2,210,30.0,7.0,"(210, 1629)",100.0,100.0,55.24,53.33,15.57,success,
Union,union_02_1.MOV,02,1,220,30.0,7.33,"(220, 1629)",100.0,100.0,53.18,53.18,15.13,success,
Union,union_02_2.MOV,02,2,116,30.0,3.87,"(116, 1629)",100.0,100.0,50.86,50.0,7.64,success,
Union,union_07_1.mp4,07,1,282,59.94,4.7,"(282, 1629)",100.0,100.0,58.51,99.65,13.23,success,
Unnecessary,Unnecessary_02_1.mov,02,1,90,30.0,3.0,"(90, 1629)",100.0,100.0,66.67,0.0,5.69,success,
Unnecessary,Unnecessary_02_2.mov,02,2,192,30.0,6.4,"(192, 1629)",100.0,100.0,73.96,0.0,12.8,success,
Unnecessary,Unnecessary_03_1.mov,03,1,134,30.0,4.47,"(134, 1629)",100.0,100.0,57.46,0.0,8.9,success,
Unnecessary,Unnecessary_03_2.mov,03,2,188,30.0,6.27,"(188, 1629)",100.0,100.0,59.04,0.0,13.78,success,
Unnecessary,Unnecessary_05_1.mov,05,1,134,30.0,4.47,"(134, 1629)",100.0,100.0,37.31,0.0,8.27,success,
Unnecessary,Unnecessary_05_2.mov,05,2,160,30.0,5.33,"(160, 1629)",100.0,100.0,56.25,1.25,9.6,success,
Unrelated,Unrelated_02_1.mov,02,1,111,30.0,3.7,"(111, 1629)",100.0,100.0,65.77,15.32,6.62,success,
Unrelated,Unrelated_02_2.mov,02,2,189,30.0,6.3,"(189, 1629)",100.0,100.0,76.72,31.22,15.0,success,
Unrelated,Unrelated_03_1.mov,03,1,152,30.0,5.07,"(152, 1629)",100.0,100.0,49.34,25.66,5.73,success,
Unrelated,Unrelated_03_2.mov,03,2,260,30.0,8.67,"(260, 1629)",100.0,100.0,67.31,35.77,16.59,success,
Unrelated,Unrelated_05_1.mov,05,1,157,30.0,5.23,"(157, 1629)",100.0,100.0,28.66,9.55,13.22,success,
Unrelated,Unrelated_05_2.mov,05,2,159,30.0,5.3,"(159, 1629)",100.0,100.0,34.59,17.61,11.46,success,
Up-above,Up-above_01_1.mov,01,1,112,30.0,3.73,"(112, 1629)",100.0,100.0,33.93,0.0,7.81,success,
Up-above,Up-above_01_2.mov,01,2,126,30.0,4.2,"(126, 1629)",100.0,100.0,54.76,0.0,8.37,success,
Up-above,Up-above_05_1.mov,05,1,94,30.0,3.13,"(94, 1629)",100.0,100.0,24.47,0.0,11.23,success,
Up-above,Up-above_05_2.mov,05,2,102,30.0,3.4,"(102, 1629)",100.0,100.0,42.16,0.0,6.65,success,
Up-above,Up-above_06_1.mov,06,1,87,30.0,2.9,"(87, 1629)",100.0,100.0,33.33,0.0,5.83,success,
Up-above,Up-above_06_2.mov,06,2,104,30.0,3.47,"(104, 1629)",100.0,100.0,37.5,0.0,6.82,success,
Update,Update_01_1.mov,01,1,130,30.0,4.33,"(130, 1629)",100.0,100.0,37.69,57.69,8.47,success,
Update,Update_01_2.mov,01,2,250,30.0,8.33,"(250, 1629)",100.0,100.0,46.4,58.8,19.19,success,
Update,Update_02_1.mov,02,1,123,30.0,4.1,"(123, 1629)",100.0,100.0,60.98,78.05,8.21,success,
Update,Update_02_2.mov,02,2,205,30.0,6.83,"(205, 1629)",100.0,100.0,52.68,75.61,13.25,success,
Update,Update_07_1.mp4,07,1,218,59.94,3.64,"(218, 1629)",100.0,100.0,62.39,61.93,10.83,success,
User,user_03_1.MOV,03,1,162,30.0,5.4,"(162, 1629)",100.0,100.0,56.79,71.6,10.8,success,
User,user_03_2.MOV,03,2,118,30.0,3.93,"(118, 1629)",100.0,100.0,38.14,50.85,7.85,success,
User,user_05_1.MOV,05,1,138,30.0,4.6,"(138, 1629)",100.0,100.0,44.2,39.13,8.63,success,
User,user_05_2.MOV,05,2,118,30.0,3.93,"(118, 1629)",100.0,100.0,35.59,28.81,10.58,success,
User,user_06_1.MOV,06,1,115,30.0,3.83,"(115, 1629)",100.0,100.0,33.04,32.17,7.72,success,
User,user_06_2.MOV,06,2,85,30.0,2.83,"(85, 1629)",100.0,100.0,35.29,31.76,5.68,success,
Value-arithmetic,Value-arithmetic_01_1.mov,01,1,130,30.0,4.33,"(130, 1629)",100.0,100.0,65.38,0.0,8.64,success,
Value-arithmetic,Value-arithmetic_01_2.mov,01,2,134,30.0,4.47,"(134, 1629)",100.0,100.0,52.24,0.0,8.79,success,
Value-arithmetic,Value-arithmetic_02_1.mov,02,1,216,30.0,7.2,"(216, 1629)",100.0,100.0,51.85,0.0,16.6,success,
Value-arithmetic,Value-arithmetic_02_2.mov,02,2,214,30.0,7.13,"(214, 1629)",100.0,100.0,39.72,0.0,13.71,success,
Value-arithmetic,Value-arithmetic_03_1.mov,03,1,167,30.0,5.57,"(167, 1629)",100.0,100.0,58.68,0.0,5.99,success,
Value-arithmetic,Value-arithmetic_03_2.mov,03,2,132,30.0,4.4,"(132, 1629)",100.0,100.0,62.12,0.0,7.41,success,
Value-arithmetic,Value-arithmetic_05_1.mov,05,1,154,30.0,5.13,"(154, 1629)",100.0,100.0,48.7,0.0,11.4,success,
Value-arithmetic,Value-arithmetic_05_2.mov,05,2,126,30.0,4.2,"(126, 1629)",100.0,100.0,40.48,0.0,9.01,success,
Value-arithmetic,Value-arithmetic_05_3.mov,05,3,177,30.0,5.9,"(177, 1629)",100.0,100.0,42.37,0.56,13.07,success,
Value-arithmetic,Value-arithmetic_05_4.mov,05,4,139,30.0,4.63,"(139, 1629)",100.0,100.0,41.01,1.44,11.77,success,
Value-arithmetic,Value-arithmetic_06_1.mov,06,1,112,30.0,3.73,"(112, 1629)",100.0,100.0,54.46,0.0,7.76,success,
Value-arithmetic,Value-arithmetic_06_2.mov,06,2,100,30.0,3.33,"(100, 1629)",100.0,100.0,38.0,0.0,6.85,success,
Variable,Variable_02_1.mov,02,1,245,30.0,8.17,"(245, 1629)",100.0,100.0,37.96,0.0,14.93,success,
Variable,Variable_02_2.mov,02,2,165,30.0,5.5,"(165, 1629)",100.0,100.0,47.27,0.0,13.06,success,
Variable,Variable_03_1.mov,03,1,118,30.0,3.93,"(118, 1629)",100.0,100.0,40.68,0.0,7.5,success,
Variable,Variable_03_2.mov,03,2,164,30.0,5.47,"(164, 1629)",100.0,100.0,53.05,0.0,9.86,success,
Variable,Variable_06_1.mov,06,1,90,30.0,3.0,"(90, 1629)",100.0,100.0,36.67,0.0,5.62,success,
Variable,Variable_06_2.mov,06,2,101,30.0,3.37,"(101, 1629)",100.0,100.0,36.63,0.0,8.98,success,
Very,Very_01_1.mov,01,1,93,30.0,3.1,"(93, 1629)",100.0,100.0,17.2,22.58,5.84,success,
Very,Very_01_2.mov,01,2,180,30.0,6.0,"(180, 1629)",100.0,100.0,36.11,23.89,11.1,success,
Very,Very_05_1.mov,05,1,108,30.0,3.6,"(108, 1629)",100.0,100.0,36.11,35.19,6.87,success,
Very,Very_05_2.mov,05,2,103,30.0,3.43,"(103, 1629)",100.0,100.0,42.72,40.78,9.35,success,
Very,Very_06_1.mov,06,1,84,30.0,2.8,"(84, 1629)",100.0,100.0,28.57,30.95,5.58,success,
Very,Very_06_2.mov,06,2,99,30.0,3.3,"(99, 1629)",100.0,100.0,35.35,32.32,6.63,success,
With-within,With-within_01_1.mov,01,1,107,30.0,3.57,"(107, 1629)",100.0,100.0,14.02,21.5,3.72,success,
With-within,With-within_01_2.mov,01,2,162,30.0,5.4,"(162, 1629)",100.0,100.0,26.54,18.52,5.61,success,
With-within,With-within_05_1.mov,05,1,82,30.0,2.73,"(82, 1629)",100.0,100.0,48.78,45.12,2.95,success,
With-within,With-within_05_2.mov,05,2,102,30.0,3.4,"(102, 1629)",100.0,100.0,46.08,43.14,6.36,success,
With-within,With-within_06_1.mov,06,1,81,30.0,2.7,"(81, 1629)",100.0,100.0,34.57,33.33,3.1,success,
With-within,With-within_06_2.mov,06,2,86,30.0,2.87,"(86, 1629)",100.0,100.0,32.56,29.07,3.69,success,
Zero,Zero_01_1.mov,01,1,159,30.0,5.3,"(159, 1629)",100.0,100.0,47.17,0.0,9.89,success,
Zero,Zero_01_2.mov,01,2,110,30.0,3.67,"(110, 1629)",100.0,100.0,24.55,0.0,6.13,success,
Zero,Zero_01_3.mov,01,3,95,30.0,3.17,"(95, 1629)",100.0,100.0,31.58,0.0,5.75,success,
Zero,Zero_05_1.mov,05,1,100,30.0,3.33,"(100, 1629)",100.0,100.0,36.0,0.0,8.92,success,
Zero,Zero_06_1.mov,06,1,64,30.0,2.13,"(64, 1629)",100.0,100.0,29.69,0.0,3.04,success,
Zero,Zero_06_2.mov,06,2,79,30.0,2.63,"(79, 1629)",100.0,100.0,48.1,0.0,3.23,success,
