sample_id,relative_path,signer,source_split,split,sign_id,label_ar,label_en,frames,fps,width,height,face_rate,pose_rate,left_hand_rate,right_hand_rate,shard,shard_row,best_hand_rate
karsl_01_train_0031_01_01_0031_17_11_16_17_26_48_c_mp4,01/train/0031/01_01_0031_(17_11_16_17_26_48)_c.mp4,1,train,train,31,10000000,10000000,21,30.0,1920,1080,1.0,1.0,0.4761904776096344,0.4761904776096344,shard_00006.npz,34,0.4761904776096344
karsl_01_train_0031_01_01_0031_17_11_16_17_26_53_c_mp4,01/train/0031/01_01_0031_(17_11_16_17_26_53)_c.mp4,1,train,train,31,10000000,10000000,22,30.0,1920,1080,1.0,1.0,0.4545454680919647,0.4545454680919647,shard_00006.npz,37,0.4545454680919647
karsl_01_train_0031_01_01_0031_17_11_16_17_27_25_c_mp4,01/train/0031/01_01_0031_(17_11_16_17_27_25)_c.mp4,1,train,train,31,10000000,10000000,22,30.0,1920,1080,1.0,1.0,0.0,0.0,shard_00006.npz,53,0.0
karsl_01_train_0031_01_01_0031_17_11_16_17_27_27_c_mp4,01/train/0031/01_01_0031_(17_11_16_17_27_27)_c.mp4,1,train,train,31,10000000,10000000,25,30.0,1920,1080,1.0,1.0,0.0,0.3600000143051147,shard_00006.npz,54,0.3600000143051147
karsl_01_train_0031_01_01_0031_17_11_16_17_27_31_c_mp4,01/train/0031/01_01_0031_(17_11_16_17_27_31)_c.mp4,1,train,train,31,10000000,10000000,20,30.0,1920,1080,1.0,1.0,0.2000000029802322,0.0,shard_00006.npz,56,0.2000000029802322
karsl_01_train_0031_01_01_0031_17_11_16_17_27_32_c_mp4,01/train/0031/01_01_0031_(17_11_16_17_27_32)_c.mp4,1,train,train,31,10000000,10000000,21,30.0,1920,1080,1.0,1.0,0.4285714328289032,0.0,shard_00006.npz,57,0.4285714328289032
karsl_01_train_0031_01_01_0031_17_11_16_17_27_39_c_mp4,01/train/0031/01_01_0031_(17_11_16_17_27_39)_c.mp4,1,train,train,31,10000000,10000000,21,30.0,1920,1080,1.0,1.0,0.380952388048172,0.0,shard_00006.npz,60,0.380952388048172
karsl_01_train_0031_01_01_0031_17_11_16_17_27_41_c_mp4,01/train/0031/01_01_0031_(17_11_16_17_27_41)_c.mp4,1,train,train,31,10000000,10000000,18,30.0,1920,1080,1.0,1.0,0.0555555559694767,0.0,shard_00006.npz,61,0.0555555559694767
karsl_01_train_0031_01_01_0031_17_11_16_17_27_42_c_mp4,01/train/0031/01_01_0031_(17_11_16_17_27_42)_c.mp4,1,train,train,31,10000000,10000000,21,30.0,1920,1080,1.0,1.0,0.0,0.0,shard_00006.npz,62,0.0
karsl_01_train_0031_01_01_0031_17_11_16_17_27_44_c_mp4,01/train/0031/01_01_0031_(17_11_16_17_27_44)_c.mp4,1,train,train,31,10000000,10000000,18,30.0,1920,1080,1.0,1.0,0.0,0.0,shard_00006.npz,63,0.0
karsl_01_train_0031_01_01_0031_17_11_16_17_27_46_c_mp4,01/train/0031/01_01_0031_(17_11_16_17_27_46)_c.mp4,1,train,train,31,10000000,10000000,22,30.0,1920,1080,1.0,1.0,0.3636363744735718,0.0,shard_00006.npz,64,0.3636363744735718
karsl_01_train_0031_01_01_0031_17_11_16_17_27_49_c_mp4,01/train/0031/01_01_0031_(17_11_16_17_27_49)_c.mp4,1,train,train,31,10000000,10000000,20,30.0,1920,1080,1.0,1.0,0.1500000059604644,0.0,shard_00006.npz,65,0.1500000059604644
karsl_01_train_0031_01_01_0031_17_11_16_17_27_51_c_mp4,01/train/0031/01_01_0031_(17_11_16_17_27_51)_c.mp4,1,train,train,31,10000000,10000000,24,30.0,1920,1080,1.0,1.0,0.0,0.0,shard_00006.npz,66,0.0
karsl_01_train_0031_01_01_0031_17_11_16_17_27_54_c_mp4,01/train/0031/01_01_0031_(17_11_16_17_27_54)_c.mp4,1,train,train,31,10000000,10000000,22,30.0,1920,1080,1.0,1.0,0.1818181872367859,0.0,shard_00006.npz,67,0.1818181872367859
karsl_01_train_0081_03_01_0081_01_12_16_16_20_51_c_mp4,01/train/0081/03_01_0081_(01_12_16_16_20_51)_c.mp4,1,train,train,81,بلعوم,pharynx,30,30.0,1920,1080,1.0,1.0,0.3666666746139526,0.0,shard_00014.npz,136,0.3666666746139526
karsl_01_train_0081_03_01_0081_01_12_16_16_22_30_c_mp4,01/train/0081/03_01_0081_(01_12_16_16_22_30)_c.mp4,1,train,train,81,بلعوم,pharynx,27,30.0,1920,1080,1.0,1.0,0.4444444477558136,0.0,shard_00014.npz,141,0.4444444477558136
karsl_01_train_0081_03_01_0081_01_12_16_16_22_49_c_mp4,01/train/0081/03_01_0081_(01_12_16_16_22_49)_c.mp4,1,train,train,81,بلعوم,pharynx,33,30.0,1920,1080,1.0,1.0,0.3030303120613098,0.0,shard_00014.npz,142,0.3030303120613098
karsl_01_train_0081_03_01_0081_01_12_16_16_22_54_c_mp4,01/train/0081/03_01_0081_(01_12_16_16_22_54)_c.mp4,1,train,train,81,بلعوم,pharynx,26,30.0,1920,1080,1.0,1.0,0.4615384638309479,0.0,shard_00014.npz,143,0.4615384638309479
karsl_01_train_0081_03_01_0081_01_12_16_16_23_15_c_mp4,01/train/0081/03_01_0081_(01_12_16_16_23_15)_c.mp4,1,train,train,81,بلعوم,pharynx,42,30.0,1920,1080,1.0,1.0,0.3333333432674408,0.0,shard_00014.npz,144,0.3333333432674408
karsl_01_train_0081_03_01_0081_01_12_16_16_23_19_c_mp4,01/train/0081/03_01_0081_(01_12_16_16_23_19)_c.mp4,1,train,train,81,بلعوم,pharynx,42,30.0,1920,1080,1.0,1.0,0.3333333432674408,0.0,shard_00014.npz,145,0.3333333432674408
karsl_01_train_0081_03_01_0081_01_12_16_16_23_24_c_mp4,01/train/0081/03_01_0081_(01_12_16_16_23_24)_c.mp4,1,train,train,81,بلعوم,pharynx,34,30.0,1920,1080,1.0,1.0,0.4117647111415863,0.0,shard_00014.npz,146,0.4117647111415863
karsl_01_train_0081_03_01_0081_01_12_16_16_23_28_c_mp4,01/train/0081/03_01_0081_(01_12_16_16_23_28)_c.mp4,1,train,train,81,بلعوم,pharynx,41,30.0,1920,1080,1.0,1.0,0.3902438879013061,0.0,shard_00014.npz,147,0.3902438879013061
karsl_01_train_0081_03_01_0081_01_12_16_16_23_32_c_mp4,01/train/0081/03_01_0081_(01_12_16_16_23_32)_c.mp4,1,train,train,81,بلعوم,pharynx,35,30.0,1920,1080,1.0,1.0,0.342857152223587,0.0,shard_00014.npz,148,0.342857152223587
karsl_01_train_0081_03_01_0081_01_12_16_16_23_36_c_mp4,01/train/0081/03_01_0081_(01_12_16_16_23_36)_c.mp4,1,train,train,81,بلعوم,pharynx,35,30.0,1920,1080,1.0,1.0,0.4285714328289032,0.0,shard_00014.npz,149,0.4285714328289032
karsl_01_train_0081_03_01_0081_01_12_16_16_23_45_c_mp4,01/train/0081/03_01_0081_(01_12_16_16_23_45)_c.mp4,1,train,train,81,بلعوم,pharynx,43,30.0,1920,1080,1.0,1.0,0.4186046421527862,0.0,shard_00014.npz,150,0.4186046421527862
karsl_01_train_0081_03_01_0081_01_12_16_16_23_49_c_mp4,01/train/0081/03_01_0081_(01_12_16_16_23_49)_c.mp4,1,train,train,81,بلعوم,pharynx,37,30.0,1920,1080,1.0,1.0,0.3243243098258972,0.0,shard_00014.npz,151,0.3243243098258972
karsl_01_train_0081_03_01_0081_01_12_16_16_24_08_c_mp4,01/train/0081/03_01_0081_(01_12_16_16_24_08)_c.mp4,1,train,train,81,بلعوم,pharynx,37,30.0,1920,1080,1.0,1.0,0.4324324429035187,0.0,shard_00014.npz,154,0.4324324429035187
karsl_01_train_0100_03_01_0100_01_12_16_17_47_04_c_mp4,01/train/0100/03_01_0100_(01_12_16_17_47_04)_c.mp4,1,train,train,100,صيدلية,pharmacy,37,30.0,1920,1080,1.0,1.0,0.4594594538211822,0.4594594538211822,shard_00017.npz,204,0.4594594538211822
karsl_01_train_0105_03_01_0105_24_11_16_18_21_27_c_mp4,01/train/0105/03_01_0105_(24_11_16_18_21_27)_c.mp4,1,train,train,105,سماعة أذن,stethoscope,28,30.0,1920,1080,0.0,1.0,0.2857142984867096,0.0,shard_00018.npz,166,0.2857142984867096
karsl_01_train_0105_03_01_0105_24_11_16_18_21_30_c_mp4,01/train/0105/03_01_0105_(24_11_16_18_21_30)_c.mp4,1,train,train,105,سماعة أذن,stethoscope,22,30.0,1920,1080,0.0,1.0,0.2272727340459823,0.0,shard_00018.npz,167,0.2272727340459823
karsl_01_train_0105_03_01_0105_24_11_16_18_21_48_c_mp4,01/train/0105/03_01_0105_(24_11_16_18_21_48)_c.mp4,1,train,train,105,سماعة أذن,stethoscope,22,30.0,1920,1080,0.0,1.0,0.2727272808551788,0.0,shard_00018.npz,172,0.2727272808551788
karsl_01_train_0105_03_01_0105_24_11_16_18_21_23_c_mp4,01/train/0105/03_01_0105_(24_11_16_18_21_23)_c.mp4,1,train,train,105,سماعة أذن,stethoscope,35,30.0,1920,1080,0.0,1.0,0.4571428596973419,0.0,shard_00018.npz,177,0.4571428596973419
karsl_01_train_0158_03_01_0158_06_04_17_17_50_40_c_mp4,01/train/0158/03_01_0158_(06_04_17_17_50_40)_c.mp4,1,train,train,158,عصب,nerve,34,30.0,1920,1080,1.0,1.0,0.3823529481887817,0.4705882370471954,shard_00027.npz,139,0.4705882370471954
karsl_01_train_0158_03_01_0158_06_04_17_17_50_50_c_mp4,01/train/0158/03_01_0158_(06_04_17_17_50_50)_c.mp4,1,train,train,158,عصب,nerve,34,30.0,1920,1080,1.0,1.0,0.3823529481887817,0.4117647111415863,shard_00027.npz,143,0.4117647111415863
karsl_01_train_0406_03_01_0406_15_08_18_23_10_22_c_mp4,01/train/0406/03_01_0406_(15_08_18_23_10_22)_c.mp4,1,train,train,406,منى,Mona,39,30.0,1920,1080,1.0,1.0,0.4871794879436493,0.4871794879436493,shard_00068.npz,244,0.4871794879436493
karsl_01_train_0406_03_01_0406_15_08_18_23_11_13_c_mp4,01/train/0406/03_01_0406_(15_08_18_23_11_13)_c.mp4,1,train,train,406,منى,Mona,45,30.0,1920,1080,1.0,1.0,0.3555555641651153,0.422222226858139,shard_00069.npz,6,0.422222226858139
karsl_01_train_0449_03_01_0449_03_10_18_18_29_10_c_mp4,01/train/0449/03_01_0449_(03_10_18_18_29_10)_c.mp4,1,train,train,449,أمانة,honesty,38,30.0,1920,1080,0.0,1.0,0.2368421107530594,0.2368421107530594,shard_00076.npz,49,0.2368421107530594
karsl_01_train_0449_03_01_0449_03_10_18_18_29_59_c_mp4,01/train/0449/03_01_0449_(03_10_18_18_29_59)_c.mp4,1,train,train,449,أمانة,honesty,34,30.0,1920,1080,0.0,1.0,0.0882352963089943,0.4411764740943908,shard_00076.npz,58,0.4411764740943908
karsl_01_train_0449_03_01_0449_03_10_18_18_30_02_c_mp4,01/train/0449/03_01_0449_(03_10_18_18_30_02)_c.mp4,1,train,train,449,أمانة,honesty,34,30.0,1920,1080,0.0,1.0,0.1176470592617988,0.4117647111415863,shard_00076.npz,59,0.4117647111415863
karsl_01_train_0449_03_01_0449_03_10_18_18_30_06_c_mp4,01/train/0449/03_01_0449_(03_10_18_18_30_06)_c.mp4,1,train,train,449,أمانة,honesty,35,30.0,1920,1080,0.0,1.0,0.2285714298486709,0.4857142865657806,shard_00076.npz,61,0.4857142865657806
karsl_01_test_0031_01_01_0031_17_11_16_17_27_36_c_mp4,01/test/0031/01_01_0031_(17_11_16_17_27_36)_c.mp4,1,test,validation,31,10000000,10000000,19,30.0,1920,1080,1.0,1.0,0.2105263173580169,0.0526315793395042,shard_00086.npz,64,0.2105263173580169
karsl_01_test_0031_01_01_0031_17_11_16_17_27_48_c_mp4,01/test/0031/01_01_0031_(17_11_16_17_27_48)_c.mp4,1,test,validation,31,10000000,10000000,19,30.0,1920,1080,1.0,1.0,0.0,0.0,shard_00086.npz,65,0.0
karsl_01_test_0031_01_01_0031_17_11_16_17_27_53_c_mp4,01/test/0031/01_01_0031_(17_11_16_17_27_53)_c.mp4,1,test,validation,31,10000000,10000000,22,30.0,1920,1080,1.0,1.0,0.1363636404275894,0.0,shard_00086.npz,70,0.1363636404275894
karsl_01_test_0031_01_01_0031_17_11_16_17_27_56_c_mp4,01/test/0031/01_01_0031_(17_11_16_17_27_56)_c.mp4,1,test,validation,31,10000000,10000000,25,30.0,1920,1080,1.0,1.0,0.0,0.0,shard_00086.npz,71,0.0
karsl_01_test_0081_03_01_0081_01_12_16_16_22_34_c_mp4,01/test/0081/03_01_0081_(01_12_16_16_22_34)_c.mp4,1,test,validation,81,بلعوم,pharynx,38,30.0,1920,1080,1.0,1.0,0.4473684132099151,0.0,shard_00087.npz,215,0.4473684132099151
karsl_01_test_0081_03_01_0081_01_12_16_16_23_40_c_mp4,01/test/0081/03_01_0081_(01_12_16_16_23_40)_c.mp4,1,test,validation,81,بلعوم,pharynx,41,30.0,1920,1080,1.0,1.0,0.4146341383457184,0.0,shard_00087.npz,216,0.4146341383457184
karsl_01_test_0081_03_01_0081_01_12_16_16_23_53_c_mp4,01/test/0081/03_01_0081_(01_12_16_16_23_53)_c.mp4,1,test,validation,81,بلعوم,pharynx,38,30.0,1920,1080,1.0,1.0,0.3684210479259491,0.0,shard_00087.npz,217,0.3684210479259491
karsl_01_test_0081_03_01_0081_01_12_16_16_23_57_c_mp4,01/test/0081/03_01_0081_(01_12_16_16_23_57)_c.mp4,1,test,validation,81,بلعوم,pharynx,38,30.0,1920,1080,1.0,1.0,0.3421052694320678,0.0,shard_00087.npz,218,0.3421052694320678
karsl_01_test_0081_03_01_0081_01_12_16_16_24_19_c_mp4,01/test/0081/03_01_0081_(01_12_16_16_24_19)_c.mp4,1,test,validation,81,بلعوم,pharynx,45,30.0,1920,1080,1.0,1.0,0.3555555641651153,0.0,shard_00087.npz,219,0.3555555641651153
karsl_01_test_0105_03_01_0105_24_11_16_18_21_33_c_mp4,01/test/0105/03_01_0105_(24_11_16_18_21_33)_c.mp4,1,test,validation,105,سماعة أذن,stethoscope,19,30.0,1920,1080,0.0,1.0,0.1052631586790084,0.0,shard_00088.npz,156,0.1052631586790084
karsl_01_test_0182_03_01_0182_13_09_17_14_18_20_c_mp4,01/test/0182/03_01_0182_(13_09_17_14_18_20)_c.mp4,1,test,validation,182,يساعد,help,40,30.0,1920,1080,1.0,1.0,0.1000000014901161,0.2249999940395355,shard_00091.npz,29,0.2249999940395355
karsl_01_test_0406_03_01_0406_15_08_18_23_11_17_c_mp4,01/test/0406/03_01_0406_(15_08_18_23_11_17)_c.mp4,1,test,validation,406,منى,Mona,42,30.0,1920,1080,1.0,1.0,0.4761904776096344,0.4523809552192688,shard_00098.npz,69,0.4761904776096344
karsl_02_train_0081_03_02_0081_12_12_16_16_21_20_c_mp4,02/train/0081/03_02_0081_(12_12_16_16_21_20)_c.mp4,2,train,train,81,بلعوم,pharynx,45,30.0,1920,1080,1.0,1.0,0.4666666686534881,0.0,shard_00114.npz,211,0.4666666686534881
karsl_02_train_0081_03_02_0081_12_12_16_16_21_24_c_mp4,02/train/0081/03_02_0081_(12_12_16_16_21_24)_c.mp4,2,train,train,81,بلعوم,pharynx,48,30.0,1920,1080,1.0,1.0,0.4166666567325592,0.0,shard_00114.npz,212,0.4166666567325592
karsl_02_train_0081_03_02_0081_12_12_16_16_21_32_c_mp4,02/train/0081/03_02_0081_(12_12_16_16_21_32)_c.mp4,2,train,train,81,بلعوم,pharynx,44,30.0,1920,1080,1.0,1.0,0.409090906381607,0.0,shard_00114.npz,214,0.409090906381607
karsl_02_train_0081_03_02_0081_12_12_16_16_21_36_c_mp4,02/train/0081/03_02_0081_(12_12_16_16_21_36)_c.mp4,2,train,train,81,بلعوم,pharynx,47,30.0,1920,1080,1.0,1.0,0.3617021143436432,0.0,shard_00114.npz,215,0.3617021143436432
karsl_02_train_0081_03_02_0081_12_12_16_16_21_43_c_mp4,02/train/0081/03_02_0081_(12_12_16_16_21_43)_c.mp4,2,train,train,81,بلعوم,pharynx,49,30.0,1920,1080,1.0,1.0,0.4081632792949676,0.0,shard_00114.npz,217,0.4081632792949676
karsl_02_train_0081_03_02_0081_12_12_16_16_21_47_c_mp4,02/train/0081/03_02_0081_(12_12_16_16_21_47)_c.mp4,2,train,train,81,بلعوم,pharynx,49,30.0,1920,1080,1.0,1.0,0.3265306055545807,0.0,shard_00114.npz,218,0.3265306055545807
karsl_02_train_0081_03_02_0081_12_12_16_16_21_51_c_mp4,02/train/0081/03_02_0081_(12_12_16_16_21_51)_c.mp4,2,train,train,81,بلعوم,pharynx,52,30.0,1920,1080,1.0,1.0,0.3461538553237915,0.0,shard_00114.npz,219,0.3461538553237915
karsl_02_train_0081_03_02_0081_21_11_16_15_57_04_c_mp4,02/train/0081/03_02_0081_(21_11_16_15_57_04)_c.mp4,2,train,train,81,بلعوم,pharynx,30,30.0,1920,1080,1.0,1.0,0.3333333432674408,0.0,shard_00114.npz,238,0.3333333432674408
karsl_02_train_0081_03_02_0081_21_11_16_15_57_07_c_mp4,02/train/0081/03_02_0081_(21_11_16_15_57_07)_c.mp4,2,train,train,81,بلعوم,pharynx,34,30.0,1920,1080,1.0,1.0,0.4117647111415863,0.0,shard_00114.npz,239,0.4117647111415863
karsl_02_train_0081_03_02_0081_21_11_16_15_57_14_c_mp4,02/train/0081/03_02_0081_(21_11_16_15_57_14)_c.mp4,2,train,train,81,بلعوم,pharynx,29,30.0,1920,1080,1.0,1.0,0.4137931168079376,0.0,shard_00114.npz,240,0.4137931168079376
karsl_02_train_0081_03_02_0081_21_11_16_15_57_16_c_mp4,02/train/0081/03_02_0081_(21_11_16_15_57_16)_c.mp4,2,train,train,81,بلعوم,pharynx,29,30.0,1920,1080,1.0,1.0,0.4482758641242981,0.0,shard_00114.npz,241,0.4482758641242981
karsl_02_train_0081_03_02_0081_21_11_16_15_57_19_c_mp4,02/train/0081/03_02_0081_(21_11_16_15_57_19)_c.mp4,2,train,train,81,بلعوم,pharynx,33,30.0,1920,1080,1.0,1.0,0.4545454680919647,0.0,shard_00114.npz,242,0.4545454680919647
karsl_02_train_0081_03_02_0081_21_11_16_15_57_23_c_mp4,02/train/0081/03_02_0081_(21_11_16_15_57_23)_c.mp4,2,train,train,81,بلعوم,pharynx,30,30.0,1920,1080,1.0,1.0,0.3333333432674408,0.0,shard_00114.npz,243,0.3333333432674408
karsl_02_train_0081_03_02_0081_21_11_16_15_57_25_c_mp4,02/train/0081/03_02_0081_(21_11_16_15_57_25)_c.mp4,2,train,train,81,بلعوم,pharynx,32,30.0,1920,1080,1.0,1.0,0.4375,0.0,shard_00114.npz,244,0.4375
karsl_02_train_0081_03_02_0081_21_11_16_15_57_32_c_mp4,02/train/0081/03_02_0081_(21_11_16_15_57_32)_c.mp4,2,train,train,81,بلعوم,pharynx,32,30.0,1920,1080,1.0,1.0,0.40625,0.0,shard_00114.npz,245,0.40625
karsl_02_train_0081_03_02_0081_21_11_16_15_57_35_c_mp4,02/train/0081/03_02_0081_(21_11_16_15_57_35)_c.mp4,2,train,train,81,بلعوم,pharynx,29,30.0,1920,1080,1.0,1.0,0.3448275923728943,0.0,shard_00114.npz,246,0.3448275923728943
karsl_02_train_0081_03_02_0081_21_11_16_15_57_44_c_mp4,02/train/0081/03_02_0081_(21_11_16_15_57_44)_c.mp4,2,train,train,81,بلعوم,pharynx,32,30.0,1920,1080,1.0,1.0,0.34375,0.0,shard_00114.npz,247,0.34375
karsl_02_train_0081_03_02_0081_21_11_16_15_57_50_c_mp4,02/train/0081/03_02_0081_(21_11_16_15_57_50)_c.mp4,2,train,train,81,بلعوم,pharynx,25,30.0,1920,1080,1.0,1.0,0.4000000059604645,0.0,shard_00114.npz,248,0.4000000059604645
karsl_02_train_0104_03_02_0104_28_11_16_16_30_53_c_mp4,02/train/0104/03_02_0104_(28_11_16_16_30_53)_c.mp4,2,train,train,104,ميزان حرارة,thermometer,26,30.0,1920,1080,0.0,1.0,0.1923076957464218,0.0,shard_00118.npz,225,0.1923076957464218
karsl_02_train_0105_03_02_0105_28_11_16_16_32_28_c_mp4,02/train/0105/03_02_0105_(28_11_16_16_32_28)_c.mp4,2,train,train,105,سماعة أذن,stethoscope,22,30.0,1920,1080,0.0,1.0,0.409090906381607,0.0,shard_00119.npz,16,0.409090906381607
karsl_02_train_0105_03_02_0105_28_11_16_16_32_38_c_mp4,02/train/0105/03_02_0105_(28_11_16_16_32_38)_c.mp4,2,train,train,105,سماعة أذن,stethoscope,24,30.0,1920,1080,0.0,1.0,0.25,0.0,shard_00119.npz,20,0.25
karsl_02_train_0105_03_02_0105_28_11_16_16_32_40_c_mp4,02/train/0105/03_02_0105_(28_11_16_16_32_40)_c.mp4,2,train,train,105,سماعة أذن,stethoscope,23,30.0,1920,1080,0.0,1.0,0.4347825944423675,0.0,shard_00119.npz,21,0.4347825944423675
karsl_02_train_0151_03_02_0151_18_04_17_19_31_36_c_mp4,02/train/0151/03_02_0151_(18_04_17_19_31_36)_c.mp4,2,train,train,151,إعاقة,hindrance,32,30.0,1920,1080,1.0,1.0,0.21875,0.375,shard_00126.npz,223,0.375
karsl_02_train_0151_03_02_0151_18_04_17_19_31_42_c_mp4,02/train/0151/03_02_0151_(18_04_17_19_31_42)_c.mp4,2,train,train,151,إعاقة,hindrance,32,30.0,1920,1080,1.0,1.0,0.25,0.25,shard_00126.npz,225,0.25
karsl_02_train_0151_03_02_0151_18_04_17_19_31_45_c_mp4,02/train/0151/03_02_0151_(18_04_17_19_31_45)_c.mp4,2,train,train,151,إعاقة,hindrance,35,30.0,1920,1080,1.0,1.0,0.2000000029802322,0.2000000029802322,shard_00126.npz,226,0.2000000029802322
karsl_02_train_0151_03_02_0151_18_04_17_19_32_09_c_mp4,02/train/0151/03_02_0151_(18_04_17_19_32_09)_c.mp4,2,train,train,151,إعاقة,hindrance,30,30.0,1920,1080,1.0,1.0,0.3333333432674408,0.3000000119209289,shard_00126.npz,232,0.3333333432674408
karsl_02_train_0151_03_02_0151_18_04_17_19_32_15_c_mp4,02/train/0151/03_02_0151_(18_04_17_19_32_15)_c.mp4,2,train,train,151,إعاقة,hindrance,30,30.0,1920,1080,1.0,1.0,0.4666666686534881,0.3333333432674408,shard_00126.npz,234,0.4666666686534881
karsl_02_train_0151_03_02_0151_18_04_17_19_32_17_c_mp4,02/train/0151/03_02_0151_(18_04_17_19_32_17)_c.mp4,2,train,train,151,إعاقة,hindrance,34,30.0,1920,1080,1.0,1.0,0.4117647111415863,0.2058823555707931,shard_00126.npz,235,0.4117647111415863
karsl_02_train_0208_03_02_0208_25_05_17_18_44_13_c_mp4,02/train/0208/03_02_0208_(25_05_17_18_44_13)_c.mp4,2,train,train,208,ولادة,childbirth,31,30.0,1920,1080,1.0,1.0,0.4193548262119293,0.3225806355476379,shard_00136.npz,150,0.4193548262119293
karsl_02_train_0208_03_02_0208_25_05_17_18_44_23_c_mp4,02/train/0208/03_02_0208_(25_05_17_18_44_23)_c.mp4,2,train,train,208,ولادة,childbirth,30,30.0,1920,1080,1.0,1.0,0.3000000119209289,0.3000000119209289,shard_00136.npz,153,0.3000000119209289
karsl_02_train_0208_03_02_0208_25_05_17_18_44_26_c_mp4,02/train/0208/03_02_0208_(25_05_17_18_44_26)_c.mp4,2,train,train,208,ولادة,childbirth,35,30.0,1920,1080,1.0,1.0,0.342857152223587,0.3142857253551483,shard_00136.npz,154,0.342857152223587
karsl_02_train_0208_03_02_0208_25_05_17_18_44_28_c_mp4,02/train/0208/03_02_0208_(25_05_17_18_44_28)_c.mp4,2,train,train,208,ولادة,childbirth,38,30.0,1920,1080,1.0,1.0,0.289473682641983,0.3947368562221527,shard_00136.npz,155,0.3947368562221527
karsl_02_train_0208_03_02_0208_25_05_17_18_44_31_c_mp4,02/train/0208/03_02_0208_(25_05_17_18_44_31)_c.mp4,2,train,train,208,ولادة,childbirth,36,30.0,1920,1080,1.0,1.0,0.3055555522441864,0.25,shard_00136.npz,156,0.3055555522441864
karsl_02_train_0244_03_02_0244_13_11_17_19_43_42_c_mp4,02/train/0244/03_02_0244_(13_11_17_19_43_42)_c.mp4,2,train,train,244,غائر من,to be jealous of,30,30.0,1920,1080,1.0,1.0,0.4000000059604645,0.4666666686534881,shard_00142.npz,157,0.4666666686534881
karsl_02_train_0274_03_02_0274_16_11_17_04_30_59_c_mp4,02/train/0274/03_02_0274_(16_11_17_04_30_59)_c.mp4,2,train,train,274,بجانب,side,41,30.0,1920,1080,1.0,1.0,0.3170731663703918,0.0243902429938316,shard_00147.npz,188,0.3170731663703918
karsl_02_train_0274_03_02_0274_16_11_17_04_31_08_c_mp4,02/train/0274/03_02_0274_(16_11_17_04_31_08)_c.mp4,2,train,train,274,بجانب,side,34,30.0,1920,1080,1.0,1.0,0.3529411852359772,0.2352941185235977,shard_00147.npz,191,0.3529411852359772
karsl_02_train_0274_03_02_0274_16_11_17_04_31_11_c_mp4,02/train/0274/03_02_0274_(16_11_17_04_31_11)_c.mp4,2,train,train,274,بجانب,side,36,30.0,1920,1080,1.0,1.0,0.4722222089767456,0.3333333432674408,shard_00147.npz,192,0.4722222089767456
karsl_02_train_0274_03_02_0274_16_11_17_04_31_16_c_mp4,02/train/0274/03_02_0274_(16_11_17_04_31_16)_c.mp4,2,train,train,274,بجانب,side,32,30.0,1920,1080,1.0,1.0,0.3125,0.09375,shard_00147.npz,194,0.3125
karsl_02_train_0274_03_02_0274_16_11_17_04_31_21_c_mp4,02/train/0274/03_02_0274_(16_11_17_04_31_21)_c.mp4,2,train,train,274,بجانب,side,33,30.0,1920,1080,1.0,1.0,0.3939394056797027,0.2121212184429168,shard_00147.npz,195,0.3939394056797027
karsl_02_train_0274_03_02_0274_16_11_17_04_31_29_c_mp4,02/train/0274/03_02_0274_(16_11_17_04_31_29)_c.mp4,2,train,train,274,بجانب,side,35,30.0,1920,1080,1.0,1.0,0.4000000059604645,0.2285714298486709,shard_00147.npz,198,0.4000000059604645
karsl_02_train_0274_03_02_0274_16_11_17_04_31_34_c_mp4,02/train/0274/03_02_0274_(16_11_17_04_31_34)_c.mp4,2,train,train,274,بجانب,side,34,30.0,1920,1080,1.0,1.0,0.4117647111415863,0.0588235296308994,shard_00147.npz,199,0.4117647111415863
karsl_02_train_0274_03_02_0274_16_11_17_04_31_36_c_mp4,02/train/0274/03_02_0274_(16_11_17_04_31_36)_c.mp4,2,train,train,274,بجانب,side,36,30.0,1920,1080,1.0,1.0,0.2777777910232544,0.0555555559694767,shard_00147.npz,200,0.2777777910232544
karsl_02_train_0274_03_02_0274_16_11_17_04_31_39_c_mp4,02/train/0274/03_02_0274_(16_11_17_04_31_39)_c.mp4,2,train,train,274,بجانب,side,37,30.0,1920,1080,1.0,1.0,0.3513513505458832,0.1891891956329345,shard_00147.npz,201,0.3513513505458832
karsl_02_train_0274_03_02_0274_16_11_17_04_31_42_c_mp4,02/train/0274/03_02_0274_(16_11_17_04_31_42)_c.mp4,2,train,train,274,بجانب,side,34,30.0,1920,1080,1.0,1.0,0.0294117648154497,0.0294117648154497,shard_00147.npz,202,0.0294117648154497
karsl_02_train_0274_03_02_0274_16_11_17_04_31_44_c_mp4,02/train/0274/03_02_0274_(16_11_17_04_31_44)_c.mp4,2,train,train,274,بجانب,side,35,30.0,1920,1080,1.0,1.0,0.2000000029802322,0.0285714287310838,shard_00147.npz,203,0.2000000029802322
karsl_02_train_0274_03_02_0274_16_11_17_04_31_47_c_mp4,02/train/0274/03_02_0274_(16_11_17_04_31_47)_c.mp4,2,train,train,274,بجانب,side,33,30.0,1920,1080,1.0,1.0,0.1515151560306549,0.0303030312061309,shard_00147.npz,204,0.1515151560306549
karsl_02_train_0274_03_02_0274_16_11_17_04_31_49_c_mp4,02/train/0274/03_02_0274_(16_11_17_04_31_49)_c.mp4,2,train,train,274,بجانب,side,33,30.0,1920,1080,1.0,1.0,0.1818181872367859,0.0303030312061309,shard_00147.npz,205,0.1818181872367859
karsl_02_train_0274_03_02_0274_16_11_17_04_31_55_c_mp4,02/train/0274/03_02_0274_(16_11_17_04_31_55)_c.mp4,2,train,train,274,بجانب,side,32,30.0,1920,1080,1.0,1.0,0.0625,0.0625,shard_00147.npz,206,0.0625
karsl_02_train_0274_03_02_0274_16_11_17_04_31_57_c_mp4,02/train/0274/03_02_0274_(16_11_17_04_31_57)_c.mp4,2,train,train,274,بجانب,side,31,30.0,1920,1080,1.0,1.0,0.0645161271095275,0.0645161271095275,shard_00147.npz,207,0.0645161271095275
karsl_02_train_0274_03_02_0274_16_11_17_04_31_59_c_mp4,02/train/0274/03_02_0274_(16_11_17_04_31_59)_c.mp4,2,train,train,274,بجانب,side,35,30.0,1920,1080,1.0,1.0,0.2571428716182709,0.0285714287310838,shard_00147.npz,208,0.2571428716182709
karsl_02_train_0274_03_02_0274_16_11_17_04_32_02_c_mp4,02/train/0274/03_02_0274_(16_11_17_04_32_02)_c.mp4,2,train,train,274,بجانب,side,37,30.0,1920,1080,1.0,1.0,0.1621621549129486,0.0270270276814699,shard_00147.npz,209,0.1621621549129486
karsl_02_train_0277_03_02_0277_16_11_17_04_36_26_c_mp4,02/train/0277/03_02_0277_(16_11_17_04_36_26)_c.mp4,2,train,train,277,تحت,under,24,30.0,1920,1080,1.0,1.0,0.125,0.2916666567325592,shard_00148.npz,84,0.2916666567325592
karsl_02_train_0277_03_02_0277_16_11_17_04_36_28_c_mp4,02/train/0277/03_02_0277_(16_11_17_04_36_28)_c.mp4,2,train,train,277,تحت,under,24,30.0,1920,1080,1.0,1.0,0.375,0.4583333432674408,shard_00148.npz,85,0.4583333432674408
karsl_02_train_0282_03_02_0282_16_11_17_04_42_29_c_mp4,02/train/0282/03_02_0282_(16_11_17_04_42_29)_c.mp4,2,train,train,282,فوق,up,32,30.0,1920,1080,1.0,1.0,0.46875,0.15625,shard_00149.npz,25,0.46875
karsl_02_train_0282_03_02_0282_16_11_17_04_43_08_c_mp4,02/train/0282/03_02_0282_(16_11_17_04_43_08)_c.mp4,2,train,train,282,فوق,up,27,30.0,1920,1080,1.0,1.0,0.3333333432674408,0.1111111119389534,shard_00149.npz,35,0.3333333432674408
karsl_02_train_0282_03_02_0282_16_11_17_04_43_10_c_mp4,02/train/0282/03_02_0282_(16_11_17_04_43_10)_c.mp4,2,train,train,282,فوق,up,26,30.0,1920,1080,1.0,1.0,0.1538461595773697,0.1538461595773697,shard_00149.npz,36,0.1538461595773697
karsl_02_train_0282_03_02_0282_16_11_17_04_43_17_c_mp4,02/train/0282/03_02_0282_(16_11_17_04_43_17)_c.mp4,2,train,train,282,فوق,up,28,30.0,1920,1080,1.0,1.0,0.4642857015132904,0.1785714328289032,shard_00149.npz,43,0.4642857015132904
karsl_02_train_0298_03_02_0298_16_11_17_05_25_23_c_mp4,02/train/0298/03_02_0298_(16_11_17_05_25_23)_c.mp4,2,train,train,298,هدية,gift,23,30.0,1920,1080,1.0,1.0,0.3478260934352875,0.3478260934352875,shard_00151.npz,217,0.3478260934352875
karsl_02_train_0298_03_02_0298_16_11_17_05_25_25_c_mp4,02/train/0298/03_02_0298_(16_11_17_05_25_25)_c.mp4,2,train,train,298,هدية,gift,26,30.0,1920,1080,1.0,1.0,0.4230769276618957,0.4615384638309479,shard_00151.npz,218,0.4615384638309479
karsl_02_train_0298_03_02_0298_16_11_17_05_25_35_c_mp4,02/train/0298/03_02_0298_(16_11_17_05_25_35)_c.mp4,2,train,train,298,هدية,gift,24,30.0,1920,1080,1.0,1.0,0.4583333432674408,0.25,shard_00151.npz,221,0.4583333432674408
karsl_02_train_0298_03_02_0298_16_11_17_05_25_37_c_mp4,02/train/0298/03_02_0298_(16_11_17_05_25_37)_c.mp4,2,train,train,298,هدية,gift,22,30.0,1920,1080,1.0,1.0,0.4545454680919647,0.3636363744735718,shard_00151.npz,222,0.4545454680919647
karsl_02_train_0305_03_02_0305_16_11_17_06_16_12_c_mp4,02/train/0305/03_02_0305_(16_11_17_06_16_12)_c.mp4,2,train,train,305,غرفة نوم,bedroom,39,30.0,1920,1080,1.0,1.0,0.4871794879436493,0.4871794879436493,shard_00153.npz,2,0.4871794879436493
karsl_02_train_0309_03_02_0309_16_11_17_06_25_16_c_mp4,02/train/0309/03_02_0309_(16_11_17_06_25_16)_c.mp4,2,train,train,309,وسادة ( مخدة),pillow,30,30.0,1920,1080,1.0,1.0,0.1333333402872085,0.4666666686534881,shard_00153.npz,177,0.4666666686534881
karsl_02_train_0309_03_02_0309_16_11_17_06_25_18_c_mp4,02/train/0309/03_02_0309_(16_11_17_06_25_18)_c.mp4,2,train,train,309,وسادة ( مخدة),pillow,31,30.0,1920,1080,1.0,1.0,0.2258064448833465,0.3870967626571655,shard_00153.npz,182,0.3870967626571655
karsl_02_train_0324_03_02_0324_16_11_17_06_50_48_c_mp4,02/train/0324/03_02_0324_(16_11_17_06_50_48)_c.mp4,2,train,train,324,إبريق,pitcher,34,30.0,1920,1080,1.0,1.0,0.2352941185235977,0.294117659330368,shard_00156.npz,58,0.294117659330368
karsl_02_train_0324_03_02_0324_16_11_17_06_50_50_c_mp4,02/train/0324/03_02_0324_(16_11_17_06_50_50)_c.mp4,2,train,train,324,إبريق,pitcher,30,30.0,1920,1080,1.0,1.0,0.233333334326744,0.0333333350718021,shard_00156.npz,59,0.233333334326744
karsl_02_train_0324_03_02_0324_16_11_17_06_50_53_c_mp4,02/train/0324/03_02_0324_(16_11_17_06_50_53)_c.mp4,2,train,train,324,إبريق,pitcher,30,30.0,1920,1080,1.0,1.0,0.1666666716337204,0.2000000029802322,shard_00156.npz,60,0.2000000029802322
karsl_02_train_0324_03_02_0324_16_11_17_06_51_00_c_mp4,02/train/0324/03_02_0324_(16_11_17_06_51_00)_c.mp4,2,train,train,324,إبريق,pitcher,28,30.0,1920,1080,1.0,1.0,0.1785714328289032,0.0,shard_00156.npz,61,0.1785714328289032
karsl_02_train_0324_03_02_0324_16_11_17_06_51_05_c_mp4,02/train/0324/03_02_0324_(16_11_17_06_51_05)_c.mp4,2,train,train,324,إبريق,pitcher,32,30.0,1920,1080,1.0,1.0,0.40625,0.0625,shard_00156.npz,62,0.40625
karsl_02_train_0324_03_02_0324_16_11_17_06_51_12_c_mp4,02/train/0324/03_02_0324_(16_11_17_06_51_12)_c.mp4,2,train,train,324,إبريق,pitcher,28,30.0,1920,1080,1.0,1.0,0.1785714328289032,0.1428571492433548,shard_00156.npz,65,0.1785714328289032
karsl_02_train_0324_03_02_0324_16_11_17_06_51_15_c_mp4,02/train/0324/03_02_0324_(16_11_17_06_51_15)_c.mp4,2,train,train,324,إبريق,pitcher,29,30.0,1920,1080,1.0,1.0,0.4137931168079376,0.1034482792019844,shard_00156.npz,66,0.4137931168079376
karsl_02_train_0324_03_02_0324_16_11_17_06_51_22_c_mp4,02/train/0324/03_02_0324_(16_11_17_06_51_22)_c.mp4,2,train,train,324,إبريق,pitcher,30,30.0,1920,1080,1.0,1.0,0.1666666716337204,0.0666666701436042,shard_00156.npz,69,0.1666666716337204
karsl_02_train_0324_03_02_0324_16_11_17_06_51_34_c_mp4,02/train/0324/03_02_0324_(16_11_17_06_51_34)_c.mp4,2,train,train,324,إبريق,pitcher,29,30.0,1920,1080,1.0,1.0,0.2068965584039688,0.4137931168079376,shard_00156.npz,73,0.4137931168079376
karsl_02_train_0324_03_02_0324_16_11_17_06_51_36_c_mp4,02/train/0324/03_02_0324_(16_11_17_06_51_36)_c.mp4,2,train,train,324,إبريق,pitcher,32,30.0,1920,1080,1.0,1.0,0.1875,0.28125,shard_00156.npz,74,0.28125
karsl_02_train_0324_03_02_0324_16_11_17_06_51_39_c_mp4,02/train/0324/03_02_0324_(16_11_17_06_51_39)_c.mp4,2,train,train,324,إبريق,pitcher,27,30.0,1920,1080,1.0,1.0,0.1851851791143417,0.2962962985038757,shard_00156.npz,75,0.2962962985038757
karsl_02_train_0324_03_02_0324_16_11_17_06_51_46_c_mp4,02/train/0324/03_02_0324_(16_11_17_06_51_46)_c.mp4,2,train,train,324,إبريق,pitcher,32,30.0,1920,1080,1.0,1.0,0.40625,0.3125,shard_00156.npz,78,0.40625
karsl_02_train_0326_03_02_0326_16_11_17_06_54_02_c_mp4,02/train/0326/03_02_0326_(16_11_17_06_54_02)_c.mp4,2,train,train,326,كنكة ( دلة),dalah,28,30.0,1920,1080,1.0,1.0,0.4642857015132904,0.0,shard_00156.npz,155,0.4642857015132904
karsl_02_train_0380_03_02_0380_16_11_17_11_11_08_c_mp4,02/train/0380/03_02_0380_(16_11_17_11_11_08)_c.mp4,2,train,train,380,تيمم,tayammum,23,30.0,1920,1080,1.0,1.0,0.304347813129425,0.3913043439388275,shard_00165.npz,190,0.3913043439388275
karsl_02_train_0380_03_02_0380_16_11_17_11_11_13_c_mp4,02/train/0380/03_02_0380_(16_11_17_11_11_13)_c.mp4,2,train,train,380,تيمم,tayammum,31,30.0,1920,1080,1.0,1.0,0.4193548262119293,0.1935483813285827,shard_00165.npz,191,0.4193548262119293
karsl_02_train_0399_03_02_0399_15_11_17_11_57_34_c_mp4,02/train/0399/03_02_0399_(15_11_17_11_57_34)_c.mp4,2,train,train,399,عيد,Feast,37,30.0,1920,1080,1.0,1.0,0.3513513505458832,0.0270270276814699,shard_00168.npz,202,0.3513513505458832
karsl_02_train_0441_03_02_0441_17_11_17_00_07_58_c_mp4,02/train/0441/03_02_0441_(17_11_17_00_07_58)_c.mp4,2,train,train,441,يهودي,Jewish,14,30.0,1920,1080,0.0,1.0,0.0,0.1428571492433548,shard_00176.npz,17,0.1428571492433548
karsl_02_train_0441_03_02_0441_17_11_17_00_08_15_c_mp4,02/train/0441/03_02_0441_(17_11_17_00_08_15)_c.mp4,2,train,train,441,يهودي,Jewish,28,30.0,1920,1080,0.0,1.0,0.0357142873108387,0.4285714328289032,shard_00176.npz,25,0.4285714328289032
karsl_02_train_0470_03_02_0470_17_11_17_03_25_42_c_mp4,02/train/0470/03_02_0470_(17_11_17_03_25_42)_c.mp4,2,train,train,470,مترجم لغات,translator,23,30.0,1920,1080,1.0,1.0,0.47826087474823,0.304347813129425,shard_00180.npz,248,0.47826087474823
karsl_02_test_0081_03_02_0081_21_11_16_15_57_10_c_mp4,02/test/0081/03_02_0081_(21_11_16_15_57_10)_c.mp4,2,test,validation,81,بلعوم,pharynx,31,30.0,1920,1080,1.0,1.0,0.4838709533214569,0.0,shard_00189.npz,34,0.4838709533214569
karsl_02_test_0081_03_02_0081_21_11_16_15_57_29_c_mp4,02/test/0081/03_02_0081_(21_11_16_15_57_29)_c.mp4,2,test,validation,81,بلعوم,pharynx,32,30.0,1920,1080,1.0,1.0,0.40625,0.0,shard_00189.npz,35,0.40625
karsl_02_test_0081_03_02_0081_21_11_16_15_57_38_c_mp4,02/test/0081/03_02_0081_(21_11_16_15_57_38)_c.mp4,2,test,validation,81,بلعوم,pharynx,31,30.0,1920,1080,1.0,1.0,0.2903225719928741,0.0,shard_00189.npz,36,0.2903225719928741
karsl_02_test_0081_03_02_0081_21_11_16_15_57_41_c_mp4,02/test/0081/03_02_0081_(21_11_16_15_57_41)_c.mp4,2,test,validation,81,بلعوم,pharynx,34,30.0,1920,1080,1.0,1.0,0.4117647111415863,0.0,shard_00189.npz,37,0.4117647111415863
karsl_02_test_0081_03_02_0081_21_11_16_15_57_47_c_mp4,02/test/0081/03_02_0081_(21_11_16_15_57_47)_c.mp4,2,test,validation,81,بلعوم,pharynx,32,30.0,1920,1080,1.0,1.0,0.28125,0.0,shard_00189.npz,42,0.28125
karsl_02_test_0151_03_02_0151_18_04_17_19_32_33_c_mp4,02/test/0151/03_02_0151_(18_04_17_19_32_33)_c.mp4,2,test,validation,151,إعاقة,hindrance,38,30.0,1920,1080,1.0,1.0,0.1578947305679321,0.2368421107530594,shard_00191.npz,98,0.2368421107530594
karsl_02_test_0208_03_02_0208_25_05_17_18_44_15_c_mp4,02/test/0208/03_02_0208_(25_05_17_18_44_15)_c.mp4,2,test,validation,208,ولادة,childbirth,35,30.0,1920,1080,1.0,1.0,0.4857142865657806,0.3142857253551483,shard_00193.npz,52,0.4857142865657806
karsl_02_test_0244_03_02_0244_13_11_17_19_43_49_c_mp4,02/test/0244/03_02_0244_(13_11_17_19_43_49)_c.mp4,2,test,validation,244,غائر من,to be jealous of,31,30.0,1920,1080,1.0,1.0,0.3870967626571655,0.4516128897666931,shard_00194.npz,86,0.4516128897666931
karsl_02_test_0260_03_02_0260_16_11_17_04_07_12_c_mp4,02/test/0260/03_02_0260_(16_11_17_04_07_12)_c.mp4,2,test,validation,260,ثقيل,heavy,34,30.0,1920,1080,0.3823529481887817,1.0,0.3235294222831726,0.4411764740943908,shard_00194.npz,216,0.4411764740943908
karsl_02_test_0260_03_02_0260_16_11_17_04_07_38_c_mp4,02/test/0260/03_02_0260_(16_11_17_04_07_38)_c.mp4,2,test,validation,260,ثقيل,heavy,36,30.0,1920,1080,0.2777777910232544,1.0,0.4722222089767456,0.3611111044883728,shard_00194.npz,220,0.4722222089767456
karsl_02_test_0267_03_02_0267_16_11_17_04_20_49_c_mp4,02/test/0267/03_02_0267_(16_11_17_04_20_49)_c.mp4,2,test,validation,267,الحق,truth,27,30.0,1920,1080,1.0,1.0,0.4814814925193786,0.0370370373129844,shard_00195.npz,19,0.4814814925193786
karsl_02_test_0274_03_02_0274_16_11_17_04_31_18_c_mp4,02/test/0274/03_02_0274_(16_11_17_04_31_18)_c.mp4,2,test,validation,274,بجانب,side,34,30.0,1920,1080,1.0,1.0,0.3235294222831726,0.3529411852359772,shard_00195.npz,76,0.3529411852359772
karsl_02_test_0274_03_02_0274_16_11_17_04_31_31_c_mp4,02/test/0274/03_02_0274_(16_11_17_04_31_31)_c.mp4,2,test,validation,274,بجانب,side,33,30.0,1920,1080,1.0,1.0,0.4242424368858337,0.0303030312061309,shard_00195.npz,77,0.4242424368858337
karsl_02_test_0274_03_02_0274_16_11_17_04_31_52_c_mp4,02/test/0274/03_02_0274_(16_11_17_04_31_52)_c.mp4,2,test,validation,274,بجانب,side,34,30.0,1920,1080,1.0,1.0,0.2058823555707931,0.2058823555707931,shard_00195.npz,82,0.2058823555707931
karsl_02_test_0278_03_02_0278_16_11_17_04_36_56_c_mp4,02/test/0278/03_02_0278_(16_11_17_04_36_56)_c.mp4,2,test,validation,278,حول,around,31,30.0,1920,1080,1.0,1.0,0.4516128897666931,0.2580645084381103,shard_00195.npz,110,0.4516128897666931
karsl_02_test_0307_03_02_0307_16_11_17_06_19_38_c_mp4,02/test/0307/03_02_0307_(16_11_17_06_19_38)_c.mp4,2,test,validation,307,مرتبة سرير ( حشية),mattress,45,30.0,1920,1080,0.0444444455206394,0.8222222328186035,0.5111111402511597,0.1777777820825576,shard_00196.npz,94,0.5111111402511597
karsl_02_test_0309_03_02_0309_16_11_17_06_25_21_c_mp4,02/test/0309/03_02_0309_(16_11_17_06_25_21)_c.mp4,2,test,validation,309,وسادة ( مخدة),pillow,30,30.0,1920,1080,1.0,1.0,0.2000000029802322,0.3333333432674408,shard_00196.npz,116,0.3333333432674408
karsl_02_test_0324_03_02_0324_16_11_17_06_50_55_c_mp4,02/test/0324/03_02_0324_(16_11_17_06_50_55)_c.mp4,2,test,validation,324,إبريق,pitcher,29,30.0,1920,1080,1.0,1.0,0.1379310339689254,0.1724137961864471,shard_00196.npz,229,0.1724137961864471
karsl_02_test_0324_03_02_0324_16_11_17_06_50_58_c_mp4,02/test/0324/03_02_0324_(16_11_17_06_50_58)_c.mp4,2,test,validation,324,إبريق,pitcher,31,30.0,1920,1080,1.0,1.0,0.3870967626571655,0.0322580635547637,shard_00196.npz,230,0.3870967626571655
karsl_02_test_0324_03_02_0324_16_11_17_06_51_02_c_mp4,02/test/0324/03_02_0324_(16_11_17_06_51_02)_c.mp4,2,test,validation,324,إبريق,pitcher,30,30.0,1920,1080,1.0,1.0,0.233333334326744,0.2666666805744171,shard_00196.npz,231,0.2666666805744171
karsl_02_test_0500_03_02_0500_17_11_17_04_29_48_c_mp4,02/test/0500/03_02_0500_(17_11_17_04_29_48)_c.mp4,2,test,validation,500,محام,lawyer,17,30.0,1920,1080,1.0,1.0,0.4117647111415863,0.3529411852359772,shard_00202.npz,138,0.4117647111415863
karsl_03_train_0001_01_03_0001_08_12_16_15_35_44_c_mp4,03/train/0001/01_03_0001_(08_12_16_15_35_44)_c.mp4,3,train,test,1,0,0,5,30.0,1920,1080,1.0,1.0,1.0,0.0,shard_00202.npz,178,1.0
karsl_03_train_0022_01_03_0022_08_12_16_16_11_14_c_mp4,03/train/0022/01_03_0022_(08_12_16_16_11_14)_c.mp4,3,train,test,22,300,300,54,30.0,1920,1080,1.0,1.0,0.0,0.4814814925193786,shard_00206.npz,49,0.4814814925193786
karsl_03_train_0031_01_03_0031_15_12_16_16_07_04_c_mp4,03/train/0031/01_03_0031_(15_12_16_16_07_04)_c.mp4,3,train,test,31,10000000,10000000,24,30.0,1920,1080,1.0,1.0,0.2916666567325592,0.3333333432674408,shard_00207.npz,200,0.3333333432674408
karsl_03_train_0031_01_03_0031_15_12_16_16_07_08_c_mp4,03/train/0031/01_03_0031_(15_12_16_16_07_08)_c.mp4,3,train,test,31,10000000,10000000,25,30.0,1920,1080,1.0,1.0,0.3199999928474426,0.1199999973177909,shard_00207.npz,202,0.3199999928474426
karsl_03_train_0032_02_03_0032_05_12_16_15_30_54_c_mp4,03/train/0032/02_03_0032_(05_12_16_15_30_54)_c.mp4,3,train,test,32,ا,alif,9,30.0,1920,1080,1.0,1.0,1.0,1.0,shard_00207.npz,208,1.0
karsl_03_train_0031_01_03_0031_15_12_16_16_07_18_c_mp4,03/train/0031/01_03_0031_(15_12_16_16_07_18)_c.mp4,3,train,test,31,10000000,10000000,24,30.0,1920,1080,1.0,1.0,0.2916666567325592,0.2083333283662796,shard_00207.npz,210,0.2916666567325592
karsl_03_train_0037_02_03_0037_08_12_16_16_39_31_c_mp4,03/train/0037/02_03_0037_(08_12_16_16_39_31)_c.mp4,3,train,test,37,ح,Haa,23,30.0,1920,1080,1.0,1.0,0.260869562625885,0.3478260934352875,shard_00208.npz,213,0.3478260934352875
karsl_03_train_0037_02_03_0037_08_12_16_16_39_35_c_mp4,03/train/0037/02_03_0037_(08_12_16_16_39_35)_c.mp4,3,train,test,37,ح,Haa,25,30.0,1920,1080,1.0,1.0,0.2000000029802322,0.1599999964237213,shard_00208.npz,215,0.2000000029802322
karsl_03_train_0037_02_03_0037_08_12_16_16_39_37_c_mp4,03/train/0037/02_03_0037_(08_12_16_16_39_37)_c.mp4,3,train,test,37,ح,Haa,21,30.0,1920,1080,1.0,1.0,0.0,0.2857142984867096,shard_00208.npz,216,0.2857142984867096
karsl_03_train_0037_02_03_0037_08_12_16_16_39_38_c_mp4,03/train/0037/02_03_0037_(08_12_16_16_39_38)_c.mp4,3,train,test,37,ح,Haa,26,30.0,1920,1080,1.0,1.0,0.1538461595773697,0.4230769276618957,shard_00208.npz,217,0.4230769276618957
karsl_03_train_0061_02_03_0061_08_12_16_17_26_08_c_mp4,03/train/0061/02_03_0061_(08_12_16_17_26_08)_c.mp4,3,train,test,61,أ,alif with hamza above,37,30.0,1920,1080,1.0,1.0,0.3783783912658691,0.0,shard_00212.npz,220,0.3783783912658691
karsl_03_train_0066_02_03_0066_05_12_16_16_28_29_c_mp4,03/train/0066/02_03_0066_(05_12_16_16_28_29)_c.mp4,3,train,test,66,إ,alif with hamza below,25,30.0,1920,1080,1.0,1.0,0.0,0.3600000143051147,shard_00213.npz,183,0.3600000143051147
karsl_03_train_0066_02_03_0066_05_12_16_16_28_31_c_mp4,03/train/0066/02_03_0066_(05_12_16_16_28_31)_c.mp4,3,train,test,66,إ,alif with hamza below,26,30.0,1920,1080,1.0,1.0,0.0,0.3076923191547394,shard_00213.npz,184,0.3076923191547394
karsl_03_train_0067_02_03_0067_05_12_16_16_29_49_c_mp4,03/train/0067/02_03_0067_(05_12_16_16_29_49)_c.mp4,3,train,test,67,آ,ALif with maad,41,30.0,1920,1080,1.0,1.0,0.4146341383457184,0.0,shard_00213.npz,210,0.4146341383457184
karsl_03_train_0067_02_03_0067_05_12_16_16_31_13_c_mp4,03/train/0067/02_03_0067_(05_12_16_16_31_13)_c.mp4,3,train,test,67,آ,ALif with maad,34,30.0,1920,1080,1.0,1.0,0.0,0.4411764740943908,shard_00213.npz,219,0.4411764740943908
karsl_03_train_0076_03_03_0076_15_12_16_16_23_43_c_mp4,03/train/0076/03_03_0076_(15_12_16_16_23_43)_c.mp4,3,train,test,76,قصبة هوائية,Trachea,52,30.0,1920,1080,1.0,1.0,0.4615384638309479,0.0,shard_00215.npz,104,0.4615384638309479
karsl_03_train_0076_03_03_0076_15_12_16_16_24_16_c_mp4,03/train/0076/03_03_0076_(15_12_16_16_24_16)_c.mp4,3,train,test,76,قصبة هوائية,Trachea,59,30.0,1920,1080,1.0,1.0,0.3898304998874664,0.0,shard_00215.npz,110,0.3898304998874664
karsl_03_train_0076_03_03_0076_15_12_16_16_25_35_c_mp4,03/train/0076/03_03_0076_(15_12_16_16_25_35)_c.mp4,3,train,test,76,قصبة هوائية,Trachea,64,30.0,1920,1080,0.8125,1.0,0.421875,0.0,shard_00215.npz,123,0.421875
karsl_03_train_0076_03_03_0076_15_12_16_16_25_40_c_mp4,03/train/0076/03_03_0076_(15_12_16_16_25_40)_c.mp4,3,train,test,76,قصبة هوائية,Trachea,53,30.0,1920,1080,0.9622641801834106,1.0,0.2641509473323822,0.0,shard_00215.npz,124,0.2641509473323822
karsl_03_train_0081_03_03_0081_15_12_16_16_36_26_c_mp4,03/train/0081/03_03_0081_(15_12_16_16_36_26)_c.mp4,3,train,test,81,بلعوم,pharynx,52,30.0,1920,1080,1.0,1.0,0.4807692170143127,0.0,shard_00216.npz,66,0.4807692170143127
karsl_03_train_0081_03_03_0081_15_12_16_16_36_43_c_mp4,03/train/0081/03_03_0081_(15_12_16_16_36_43)_c.mp4,3,train,test,81,بلعوم,pharynx,62,30.0,1920,1080,0.8548387289047241,1.0,0.4516128897666931,0.0,shard_00216.npz,69,0.4516128897666931
karsl_03_train_0081_03_03_0081_15_12_16_16_36_58_c_mp4,03/train/0081/03_03_0081_(15_12_16_16_36_58)_c.mp4,3,train,test,81,بلعوم,pharynx,58,30.0,1920,1080,0.982758641242981,1.0,0.4655172526836395,0.0,shard_00216.npz,70,0.4655172526836395
karsl_03_train_0081_03_03_0081_15_12_16_16_37_26_c_mp4,03/train/0081/03_03_0081_(15_12_16_16_37_26)_c.mp4,3,train,test,81,بلعوم,pharynx,53,30.0,1920,1080,1.0,1.0,0.4528301954269409,0.0,shard_00216.npz,76,0.4528301954269409
karsl_03_train_0081_03_03_0081_15_12_16_16_37_31_c_mp4,03/train/0081/03_03_0081_(15_12_16_16_37_31)_c.mp4,3,train,test,81,بلعوم,pharynx,49,30.0,1920,1080,1.0,1.0,0.4897959232330322,0.0,shard_00216.npz,77,0.4897959232330322
karsl_03_train_0081_03_03_0081_15_12_16_16_37_50_c_mp4,03/train/0081/03_03_0081_(15_12_16_16_37_50)_c.mp4,3,train,test,81,بلعوم,pharynx,63,30.0,1920,1080,0.9682539701461792,1.0,0.4761904776096344,0.0,shard_00216.npz,80,0.4761904776096344
karsl_03_train_0088_03_03_0088_15_12_16_17_22_14_c_mp4,03/train/0088/03_03_0088_(15_12_16_17_22_14)_c.mp4,3,train,test,88,قلب,heart,49,30.0,1920,1080,1.0,1.0,0.4285714328289032,0.0,shard_00217.npz,95,0.4285714328289032
karsl_03_train_0088_03_03_0088_15_12_16_17_22_31_c_mp4,03/train/0088/03_03_0088_(15_12_16_17_22_31)_c.mp4,3,train,test,88,قلب,heart,56,30.0,1920,1080,1.0,1.0,0.375,0.0,shard_00217.npz,97,0.375
karsl_03_train_0088_03_03_0088_15_12_16_17_22_35_c_mp4,03/train/0088/03_03_0088_(15_12_16_17_22_35)_c.mp4,3,train,test,88,قلب,heart,47,30.0,1920,1080,1.0,1.0,0.3829787373542785,0.0,shard_00217.npz,98,0.3829787373542785
karsl_03_train_0088_03_03_0088_15_12_16_17_22_40_c_mp4,03/train/0088/03_03_0088_(15_12_16_17_22_40)_c.mp4,3,train,test,88,قلب,heart,55,30.0,1920,1080,1.0,1.0,0.3818181753158569,0.0,shard_00217.npz,99,0.3818181753158569
karsl_03_train_0088_03_03_0088_15_12_16_17_22_48_c_mp4,03/train/0088/03_03_0088_(15_12_16_17_22_48)_c.mp4,3,train,test,88,قلب,heart,52,30.0,1920,1080,1.0,1.0,0.3269230723381042,0.0,shard_00217.npz,101,0.3269230723381042
karsl_03_train_0088_03_03_0088_15_12_16_17_22_52_c_mp4,03/train/0088/03_03_0088_(15_12_16_17_22_52)_c.mp4,3,train,test,88,قلب,heart,38,30.0,1920,1080,1.0,1.0,0.3684210479259491,0.0,shard_00217.npz,102,0.3684210479259491
karsl_03_train_0088_03_03_0088_15_12_16_17_23_09_c_mp4,03/train/0088/03_03_0088_(15_12_16_17_23_09)_c.mp4,3,train,test,88,قلب,heart,50,30.0,1920,1080,1.0,1.0,0.3600000143051147,0.0,shard_00217.npz,106,0.3600000143051147
karsl_03_train_0088_03_03_0088_15_12_16_17_23_13_c_mp4,03/train/0088/03_03_0088_(15_12_16_17_23_13)_c.mp4,3,train,test,88,قلب,heart,46,30.0,1920,1080,1.0,1.0,0.3695652186870575,0.0,shard_00217.npz,107,0.3695652186870575
karsl_03_train_0113_03_03_0113_22_12_16_16_30_33_c_mp4,03/train/0113/03_03_0113_(22_12_16_16_30_33)_c.mp4,3,train,test,113,زكام,cold,39,30.0,1920,1080,0.0,1.0,0.4615384638309479,0.0,shard_00221.npz,162,0.4615384638309479
karsl_03_train_0113_03_03_0113_22_12_16_16_30_36_c_mp4,03/train/0113/03_03_0113_(22_12_16_16_30_36)_c.mp4,3,train,test,113,زكام,cold,51,30.0,1920,1080,0.0,1.0,0.4705882370471954,0.0,shard_00221.npz,163,0.4705882370471954
karsl_03_train_0113_03_03_0113_22_12_16_16_30_40_c_mp4,03/train/0113/03_03_0113_(22_12_16_16_30_40)_c.mp4,3,train,test,113,زكام,cold,52,30.0,1920,1080,0.0,1.0,0.3653846085071563,0.0,shard_00221.npz,164,0.3653846085071563
karsl_03_train_0113_03_03_0113_22_12_16_16_31_32_c_mp4,03/train/0113/03_03_0113_(22_12_16_16_31_32)_c.mp4,3,train,test,113,زكام,cold,48,30.0,1920,1080,0.0,1.0,0.4375,0.0,shard_00221.npz,173,0.4375
karsl_03_train_0343_03_03_0343_15_02_18_16_17_04_c_mp4,03/train/0343/03_03_0343_(15_02_18_16_17_04)_c.mp4,3,train,test,343,فيديو,video,45,30.0,1920,1080,0.0,1.0,0.4000000059604645,0.1777777820825576,shard_00260.npz,65,0.4000000059604645
karsl_03_train_0343_03_03_0343_15_02_18_16_17_16_c_mp4,03/train/0343/03_03_0343_(15_02_18_16_17_16)_c.mp4,3,train,test,343,فيديو,video,35,30.0,1920,1080,0.0,1.0,0.4285714328289032,0.342857152223587,shard_00260.npz,69,0.4285714328289032
karsl_03_train_0343_03_03_0343_15_02_18_16_17_18_c_mp4,03/train/0343/03_03_0343_(15_02_18_16_17_18)_c.mp4,3,train,test,343,فيديو,video,35,30.0,1920,1080,0.0,1.0,0.2285714298486709,0.4285714328289032,shard_00260.npz,70,0.4285714328289032
karsl_03_train_0343_03_03_0343_15_02_18_16_17_29_c_mp4,03/train/0343/03_03_0343_(15_02_18_16_17_29)_c.mp4,3,train,test,343,فيديو,video,31,30.0,1920,1080,0.0,1.0,0.3225806355476379,0.2903225719928741,shard_00260.npz,73,0.3225806355476379
karsl_03_train_0343_03_03_0343_15_02_18_16_17_32_c_mp4,03/train/0343/03_03_0343_(15_02_18_16_17_32)_c.mp4,3,train,test,343,فيديو,video,31,30.0,1920,1080,0.0,1.0,0.3548386991024017,0.4516128897666931,shard_00260.npz,74,0.4516128897666931
karsl_03_train_0343_03_03_0343_15_02_18_16_17_34_c_mp4,03/train/0343/03_03_0343_(15_02_18_16_17_34)_c.mp4,3,train,test,343,فيديو,video,31,30.0,1920,1080,0.0,1.0,0.4516128897666931,0.4516128897666931,shard_00260.npz,75,0.4516128897666931
karsl_03_train_0343_03_03_0343_23_11_17_23_30_04_c_mp4,03/train/0343/03_03_0343_(23_11_17_23_30_04)_c.mp4,3,train,test,343,فيديو,video,38,30.0,1920,1080,1.0,1.0,0.4736842215061188,0.3684210479259491,shard_00260.npz,86,0.4736842215061188
karsl_03_train_0343_03_03_0343_23_11_17_23_30_12_c_mp4,03/train/0343/03_03_0343_(23_11_17_23_30_12)_c.mp4,3,train,test,343,فيديو,video,33,30.0,1920,1080,0.0909090936183929,1.0,0.4848484992980957,0.3939394056797027,shard_00260.npz,88,0.4848484992980957
karsl_03_train_0457_03_03_0457_28_03_18_14_32_37_c_mp4,03/train/0457/03_03_0457_(28_03_18_14_32_37)_c.mp4,3,train,test,457,قبة الصخرة,Dome of the Rock,59,30.0,1920,1080,1.0,1.0,0.4576271176338196,0.3898304998874664,shard_00279.npz,81,0.4576271176338196
karsl_03_test_0031_01_03_0031_15_12_16_16_06_56_c_mp4,03/test/0031/01_03_0031_(15_12_16_16_06_56)_c.mp4,3,test,test,31,10000000,10000000,25,30.0,1920,1080,1.0,1.0,0.2000000029802322,0.2399999946355819,shard_00287.npz,234,0.2399999946355819
karsl_03_test_0076_03_03_0076_15_12_16_16_25_30_c_mp4,03/test/0076/03_03_0076_(15_12_16_16_25_30)_c.mp4,3,test,test,76,قصبة هوائية,Trachea,59,30.0,1920,1080,0.98305082321167,1.0,0.3728813529014587,0.0,shard_00289.npz,95,0.3728813529014587
karsl_03_test_0081_03_03_0081_15_12_16_16_36_30_c_mp4,03/test/0081/03_03_0081_(15_12_16_16_36_30)_c.mp4,3,test,test,81,بلعوم,pharynx,52,30.0,1920,1080,1.0,1.0,0.4807692170143127,0.0,shard_00289.npz,131,0.4807692170143127
karsl_03_test_0081_03_03_0081_15_12_16_16_36_54_c_mp4,03/test/0081/03_03_0081_(15_12_16_16_36_54)_c.mp4,3,test,test,81,بلعوم,pharynx,50,30.0,1920,1080,1.0,1.0,0.4799999892711639,0.0,shard_00289.npz,133,0.4799999892711639
karsl_03_test_0088_03_03_0088_15_12_16_17_22_23_c_mp4,03/test/0088/03_03_0088_(15_12_16_17_22_23)_c.mp4,3,test,test,88,قلب,heart,47,30.0,1920,1080,1.0,1.0,0.4042553305625915,0.0,shard_00289.npz,184,0.4042553305625915
karsl_03_test_0088_03_03_0088_15_12_16_17_22_27_c_mp4,03/test/0088/03_03_0088_(15_12_16_17_22_27)_c.mp4,3,test,test,88,قلب,heart,50,30.0,1920,1080,1.0,1.0,0.4000000059604645,0.0,shard_00289.npz,185,0.4000000059604645
karsl_03_test_0343_03_03_0343_15_02_18_16_17_47_c_mp4,03/test/0343/03_03_0343_(15_02_18_16_17_47)_c.mp4,3,test,test,343,فيديو,video,31,30.0,1920,1080,0.0,1.0,0.3548386991024017,0.4838709533214569,shard_00297.npz,226,0.4838709533214569
